<?xml version = '1.0' encoding = 'UTF-8'?>
<FKIndexAssociation class="oracle.dbtools.crest.model.design.relational.FKIndexAssociation" directorySegmentName="seg_0" id="1562AADA-1BC3-FC15-BBFD-2C37C8E23871" containerWithKeyObject="8D8E751F-1C0B-B844-97CF-93C329435D2B" localFKIndex="B8583F14-2F60-4237-79C5-109CB0E83FCB" name="FK_RHSTU_LOGR_END_PACIENTE">
<createdBy>Gustavo Padlipskas</createdBy>
<createdTime>2022-08-16 17:50:14 UTC</createdTime>
<generatorID>6177A758-C962-F731-DD11-84E24402812C</generatorID>
<ownerDesignName>Projeto_RHSTU</ownerDesignName>
<referredTableLongName>T_RHSTU_LOGRADOURO</referredTableLongName>
<deleteRule>NO ACTION</deleteRule>
<referredTableID>CA2ED333-DD98-EA9E-D282-94C132540C5A</referredTableID>
<keyObject>4F4496E6-7A85-37DE-D386-09C2E58E7D00</keyObject>
<referredKeyID>4F4496E6-7A85-37DE-D386-09C2E58E7D00</referredKeyID>
<mandatory>true</mandatory>
<refColNames>ID_LOGRADOURO</refColNames>
<transferable>true</transferable>
<rely>false</rely>
<columnDependencyConstraintGenerateInDDL>true</columnDependencyConstraintGenerateInDDL>
</FKIndexAssociation>