<?xml version = '1.0' encoding = 'UTF-8'?>
<FKIndexAssociation class="oracle.dbtools.crest.model.design.relational.FKIndexAssociation" directorySegmentName="seg_0" id="1A979192-F1E6-B39F-1862-3783B17A3011" containerWithKeyObject="65F9A01D-AC26-7E0D-7727-5BDE76E87BBD" localFKIndex="03FB2953-5AE3-0AE9-97AA-6A31302CCEA8" name="FK_RHSTU_UNID_HOSP_CONSULTA">
<createdBy>Gustavo Padlipskas</createdBy>
<createdTime>2022-08-16 17:50:15 UTC</createdTime>
<generatorID>A13A1EBB-693F-9AEF-C9E5-3E59D154F9D3</generatorID>
<ownerDesignName>Projeto_RHSTU</ownerDesignName>
<referredTableLongName>T_RHSTU_UNID_HOSPITALAR</referredTableLongName>
<deleteRule>NO ACTION</deleteRule>
<referredTableID>EC9B0F03-011E-F869-03C8-14822CE5B4D7</referredTableID>
<keyObject>AEEC7B6D-21D5-2CA1-99C1-239E3D86ACB7</keyObject>
<referredKeyID>AEEC7B6D-21D5-2CA1-99C1-239E3D86ACB7</referredKeyID>
<mandatory>true</mandatory>
<refColNames>ID_UNID_HOSPITAL</refColNames>
<transferable>true</transferable>
<rely>false</rely>
<columnDependencyConstraintGenerateInDDL>true</columnDependencyConstraintGenerateInDDL>
</FKIndexAssociation>