<?xml version = '1.0' encoding = 'UTF-8'?>
<FKIndexAssociation class="oracle.dbtools.crest.model.design.relational.FKIndexAssociation" directorySegmentName="seg_0" id="340F7ACE-B6D4-2AC0-C011-17BE42237EB6" containerWithKeyObject="2508696B-2D5C-4C9C-C7B3-E5E7F87F82E4" localFKIndex="EFCB80FD-2B72-DF55-1CC7-78D60AD13B9F" name="FK_PACIENTE_CONTATO_EMERG">
<createdBy>Gustavo Padlipskas</createdBy>
<createdTime>2022-08-16 17:50:14 UTC</createdTime>
<generatorID>DE1DF8BF-A74C-3932-5D5D-DC1555633DE6</generatorID>
<ownerDesignName>Projeto_RHSTU</ownerDesignName>
<referredTableLongName>T_RHSTU_PACIENTE</referredTableLongName>
<deleteRule>NO ACTION</deleteRule>
<referredTableID>B1483689-14B2-6A8D-60D3-350D26D12A8B</referredTableID>
<keyObject>F7533BF9-BC77-C58C-AE55-ECD11DDB6215</keyObject>
<referredKeyID>F7533BF9-BC77-C58C-AE55-ECD11DDB6215</referredKeyID>
<mandatory>true</mandatory>
<refColNames>ID_PACIENTE</refColNames>
<transferable>true</transferable>
<rely>false</rely>
<columnDependencyConstraintGenerateInDDL>true</columnDependencyConstraintGenerateInDDL>
</FKIndexAssociation>