<?xml version = '1.0' encoding = 'UTF-8'?>
<Table class="oracle.dbtools.crest.model.design.relational.Table" directorySegmentName="seg_0" id="2508696B-2D5C-4C9C-C7B3-E5E7F87F82E4" name="T_RHSTU_CONTATO_PACIENTE">
<createdBy>Gustavo Padlipskas</createdBy>
<createdTime>2022-08-16 17:50:14 UTC</createdTime>
<generatorID>1A38783D-A6E3-011F-AE94-7991B8C23B12</generatorID>
<ownerDesignName>Projeto_RHSTU</ownerDesignName>
<allowColumnReorder>false</allowColumnReorder>
<existDependencyGenerateInDDl>true</existDependencyGenerateInDDl>
<parsed>true</parsed>
<columns itemClass="oracle.dbtools.crest.model.design.relational.Column">
<Column name="ID_PACIENTE" id="89851B29-4161-C3B8-AE07-02B913A68CAF">
<createdBy>Gustavo Padlipskas</createdBy>
<createdTime>2022-08-16 17:50:14 UTC</createdTime>
<comment><![CDATA[Esse atributo irá receber a chave primária do paciente. Esse número é sequencial e gerado automaticamente pelo sistema. Seu conteúdo é obrigatório.]]></comment>
<commentInRDBMS><![CDATA[Esse atributo irá receber a chave primária do paciente. Esse número é sequencial e gerado automaticamente pelo sistema. Seu conteúdo é obrigatório.]]></commentInRDBMS>
<generatorID>1C64CBCB-A234-0861-938D-0EB064629329</generatorID>
<ownerDesignName>Projeto_RHSTU</ownerDesignName>
<useDomainConstraints>false</useDomainConstraints>
<use>1</use>
<logicalDatatype>LOGDT019</logicalDatatype>
<dataTypePrecision>9</dataTypePrecision>
<ownDataTypeParameters>,,</ownDataTypeParameters>
<previousColumn>false</previousColumn>
<autoIncrementCycle>false</autoIncrementCycle>
<associations>
<colAssociation fkAssociation="340F7ACE-B6D4-2AC0-C011-17BE42237EB6" referredColumn="5C207F95-FC51-9A53-46F9-A2733B2045BC"/>
</associations>
</Column>
<Column name="ID_CONTATO" id="4320995B-91E1-8684-CD32-61C3E42D3EF1">
<createdBy>Gustavo Padlipskas</createdBy>
<createdTime>2022-08-16 17:50:14 UTC</createdTime>
<comment><![CDATA[Esse atributo irá receber a chave primária do contato do paciente. Esse número é sequencial e inicia sempre com 1 a partir do id do paciente e é gerado automaticamente pelo sistema. Seu conteúdo é obrigatório.]]></comment>
<commentInRDBMS><![CDATA[Esse atributo irá receber a chave primária do contato do paciente. Esse número é sequencial e inicia sempre com 1 a partir do id do paciente e é gerado automaticamente pelo sistema. Seu conteúdo é obrigatório.]]></commentInRDBMS>
<generatorID>C60797BE-4119-9129-B14A-88739D575B56</generatorID>
<ownerDesignName>Projeto_RHSTU</ownerDesignName>
<useDomainConstraints>false</useDomainConstraints>
<use>1</use>
<logicalDatatype>LOGDT019</logicalDatatype>
<dataTypePrecision>9</dataTypePrecision>
<ownDataTypeParameters>,9,</ownDataTypeParameters>
<autoIncrementCycle>false</autoIncrementCycle>
</Column>
<Column name="ID_TIPO_CONTATO" id="7973374E-5569-BBD5-ED05-E642285FAAAC">
<createdBy>Gustavo Padlipskas</createdBy>
<createdTime>2022-08-16 17:50:14 UTC</createdTime>
<comment><![CDATA[Esse atributo irá receber a chave primária do tipo do contato. Esse número é sequencial e gerado automaticamente pelo sistema. Seu conteúdo é obrigatório.]]></comment>
<commentInRDBMS><![CDATA[Esse atributo irá receber a chave primária do tipo do contato. Esse número é sequencial e gerado automaticamente pelo sistema. Seu conteúdo é obrigatório.]]></commentInRDBMS>
<generatorID>894D4DF0-1BF7-ADC3-9CEB-77AAC83B16AA</generatorID>
<ownerDesignName>Projeto_RHSTU</ownerDesignName>
<useDomainConstraints>false</useDomainConstraints>
<use>1</use>
<logicalDatatype>LOGDT019</logicalDatatype>
<dataTypePrecision>5</dataTypePrecision>
<ownDataTypeParameters>,,</ownDataTypeParameters>
<previousColumn>false</previousColumn>
<autoIncrementCycle>false</autoIncrementCycle>
<associations>
<colAssociation fkAssociation="014A8160-0D36-4AAC-9ABB-2A7B20D4F89E" referredColumn="4D3B33BD-1F44-E6DA-8245-144F73380782"/>
</associations>
</Column>
<Column name="NM_CONTATO" id="8C26BD6F-FEB1-3BD5-AD88-E9C138CDA3B1">
<createdBy>Gustavo Padlipskas</createdBy>
<createdTime>2022-08-16 17:50:14 UTC</createdTime>
<comment><![CDATA[Este atributo irá receber o nome do contato do paciente. Seu conteudo é obrigatório.]]></comment>
<commentInRDBMS><![CDATA[Este atributo irá receber o nome do contato do paciente. Seu conteudo é obrigatório.]]></commentInRDBMS>
<generatorID>11C8FA5C-8E33-3243-4E99-FAED8A12A931</generatorID>
<ownerDesignName>Projeto_RHSTU</ownerDesignName>
<useDomainConstraints>false</useDomainConstraints>
<use>1</use>
<logicalDatatype>LOGDT024</logicalDatatype>
<dataTypeSize>40</dataTypeSize>
<ownDataTypeParameters>40,,</ownDataTypeParameters>
<autoIncrementCycle>false</autoIncrementCycle>
</Column>
<Column name="NR_DDI" id="0AB581E8-A26D-D7A5-C465-98596DA80DF5">
<createdBy>Gustavo Padlipskas</createdBy>
<createdTime>2022-08-16 17:50:14 UTC</createdTime>
<comment><![CDATA[Este atributo irá receber o número do DDI do telefone do contato do paciente. Seu conteudo é opcional.]]></comment>
<commentInRDBMS><![CDATA[Este atributo irá receber o número do DDI do telefone do contato do paciente. Seu conteudo é opcional.]]></commentInRDBMS>
<generatorID>294FD7DF-01BD-9510-9064-BCAA0B2F2A80</generatorID>
<ownerDesignName>Projeto_RHSTU</ownerDesignName>
<nullsAllowed>true</nullsAllowed>
<useDomainConstraints>false</useDomainConstraints>
<use>1</use>
<logicalDatatype>LOGDT019</logicalDatatype>
<dataTypePrecision>3</dataTypePrecision>
<ownDataTypeParameters>,3,</ownDataTypeParameters>
<autoIncrementCycle>false</autoIncrementCycle>
</Column>
<Column name="NR_DDD" id="400C4A60-78D8-B08F-7FFB-34749E5873E9">
<createdBy>Gustavo Padlipskas</createdBy>
<createdTime>2022-08-16 17:50:14 UTC</createdTime>
<comment><![CDATA[Este atributo irá receber o número do DDD  do telefone do contato do paciente. Seu conteudo é opcional.]]></comment>
<commentInRDBMS><![CDATA[Este atributo irá receber o número do DDD  do telefone do contato do paciente. Seu conteudo é opcional.]]></commentInRDBMS>
<generatorID>CA14A3CD-3477-1A67-B741-3DB8808D3250</generatorID>
<ownerDesignName>Projeto_RHSTU</ownerDesignName>
<nullsAllowed>true</nullsAllowed>
<useDomainConstraints>false</useDomainConstraints>
<use>1</use>
<logicalDatatype>LOGDT019</logicalDatatype>
<dataTypePrecision>3</dataTypePrecision>
<ownDataTypeParameters>,3,</ownDataTypeParameters>
<autoIncrementCycle>false</autoIncrementCycle>
</Column>
<Column name="NR_TELEFONE" id="7430F237-9996-3BA3-86D1-434311C98ED3">
<createdBy>Gustavo Padlipskas</createdBy>
<createdTime>2022-08-16 17:50:14 UTC</createdTime>
<comment><![CDATA[Este atributo irá receber o número do telefone do contato do paciente. Seu conteudo é opcional.]]></comment>
<commentInRDBMS><![CDATA[Este atributo irá receber o número do telefone do contato do paciente. Seu conteudo é opcional.]]></commentInRDBMS>
<generatorID>4C257F99-8015-21C5-1A14-EA8F95A502F9</generatorID>
<ownerDesignName>Projeto_RHSTU</ownerDesignName>
<nullsAllowed>true</nullsAllowed>
<useDomainConstraints>false</useDomainConstraints>
<use>1</use>
<logicalDatatype>LOGDT019</logicalDatatype>
<dataTypePrecision>10</dataTypePrecision>
<ownDataTypeParameters>,10,</ownDataTypeParameters>
<autoIncrementCycle>false</autoIncrementCycle>
</Column>
</columns>
<indexes itemClass="oracle.dbtools.crest.model.design.relational.Index">
<ind_PK_UK id="A6C5A52A-B159-BC95-82F3-9415B73D4BCE" name="PK_RHSTU_CONTATO_EMERG_PAC">
<createdBy>Gustavo Padlipskas</createdBy>
<createdTime>2022-08-16 17:50:14 UTC</createdTime>
<generatorID>2AE6C75F-2810-8CEA-5FA4-7C1166C2AFA6</generatorID>
<ownerDesignName>Projeto_RHSTU</ownerDesignName>
<pk>true</pk>
<indexState>Primary Constraint</indexState>
<isSurrogateKey>false</isSurrogateKey>
<indexColumnUsage>
<colUsage columnID="4320995B-91E1-8684-CD32-61C3E42D3EF1"/>
<colUsage columnID="89851B29-4161-C3B8-AE07-02B913A68CAF"/>
</indexColumnUsage>
</ind_PK_UK>
<ind_PK_UK id="EFCB80FD-2B72-DF55-1CC7-78D60AD13B9F" name="FK_PACIENTE_CONTATO_EMERG">
<createdBy>Gustavo Padlipskas</createdBy>
<createdTime>2022-08-16 17:50:14 UTC</createdTime>
<generatorID>DE1DF8BF-A74C-3932-5D5D-DC1555633DE6</generatorID>
<ownerDesignName>Projeto_RHSTU</ownerDesignName>
<indexState>Foreign Key</indexState>
<isSurrogateKey>false</isSurrogateKey>
<indexColumnUsage>
<colUsage columnID="89851B29-4161-C3B8-AE07-02B913A68CAF"/>
</indexColumnUsage>
</ind_PK_UK>
<ind_PK_UK id="E482AC1B-0911-06DC-97B2-3E56B43B3935" name="FK_RHSTU_TIPO_CONTATO">
<createdBy>Gustavo Padlipskas</createdBy>
<createdTime>2022-08-16 17:50:15 UTC</createdTime>
<generatorID>20403068-9FFF-7A08-63D5-13C205008336</generatorID>
<ownerDesignName>Projeto_RHSTU</ownerDesignName>
<indexState>Foreign Key</indexState>
<isSurrogateKey>false</isSurrogateKey>
<indexColumnUsage>
<colUsage columnID="7973374E-5569-BBD5-ED05-E642285FAAAC"/>
</indexColumnUsage>
</ind_PK_UK>
</indexes>
</Table>