<?xml version = '1.0' encoding = 'UTF-8'?>
<Table class="oracle.dbtools.crest.model.design.relational.Table" directorySegmentName="seg_0" id="59A38748-9703-064B-FAC2-3424E589210C" name="T_RHSTU_TIPO_CONTATO">
<createdBy>Gustavo Padlipskas</createdBy>
<createdTime>2022-08-16 17:50:14 UTC</createdTime>
<generatorID>CDD54745-3930-D1D7-5257-BDB05A5DBC33</generatorID>
<ownerDesignName>Projeto_RHSTU</ownerDesignName>
<allowColumnReorder>false</allowColumnReorder>
<existDependencyGenerateInDDl>true</existDependencyGenerateInDDl>
<parsed>true</parsed>
<columns itemClass="oracle.dbtools.crest.model.design.relational.Column">
<Column name="ID_TIPO_CONTATO" id="4D3B33BD-1F44-E6DA-8245-144F73380782">
<createdBy>Gustavo Padlipskas</createdBy>
<createdTime>2022-08-16 17:50:14 UTC</createdTime>
<comment><![CDATA[Esse atributo irá receber a chave primária do tipo do contato. Esse número é sequencial e gerado automaticamente pelo sistema. Seu conteúdo é obrigatório.]]></comment>
<commentInRDBMS><![CDATA[Esse atributo irá receber a chave primária do tipo do contato. Esse número é sequencial e gerado automaticamente pelo sistema. Seu conteúdo é obrigatório.]]></commentInRDBMS>
<generatorID>96F25215-6C52-EFA7-66EA-6F769446009E</generatorID>
<ownerDesignName>Projeto_RHSTU</ownerDesignName>
<useDomainConstraints>false</useDomainConstraints>
<use>1</use>
<logicalDatatype>LOGDT019</logicalDatatype>
<dataTypePrecision>5</dataTypePrecision>
<ownDataTypeParameters>,5,</ownDataTypeParameters>
<autoIncrementColumn>true</autoIncrementColumn>
<autoIncrementCycle>false</autoIncrementCycle>
<autoIncrementSequenceName>SQ_RHSTU_TIPO_CONTATO</autoIncrementSequenceName>
<autoIncrementTriggerName>TR_RHSTU_TIPO_CONTATO</autoIncrementTriggerName>
</Column>
<Column name="NM_TIPO_CONTATO" id="03EBC430-FCDD-C29F-76C1-618DA9FED52E">
<createdBy>Gustavo Padlipskas</createdBy>
<createdTime>2022-08-16 17:50:14 UTC</createdTime>
<comment><![CDATA[Este atributo irá  receber o nome  do tipo de contato (Mãe, Pai, Prima(o), Irmã(o), Amiga(o), Colega de trabalho) entre outros. Seu conteudo é obrigatório.]]></comment>
<commentInRDBMS><![CDATA[Este atributo irá  receber o nome  do tipo de contato (Mãe, Pai, Prima(o), Irmã(o), Amiga(o), Colega de trabalho) entre outros. Seu conteudo é obrigatório.
]]></commentInRDBMS>
<generatorID>A638073E-E72D-E96A-6B0B-7DB51EC17DFC</generatorID>
<ownerDesignName>Projeto_RHSTU</ownerDesignName>
<useDomainConstraints>false</useDomainConstraints>
<use>1</use>
<logicalDatatype>LOGDT024</logicalDatatype>
<dataTypeSize>80</dataTypeSize>
<ownDataTypeParameters>80,,</ownDataTypeParameters>
<autoIncrementCycle>false</autoIncrementCycle>
</Column>
<Column name="DT_INICIO" id="24A34E34-3021-9DDE-C245-92B61ACE60C5">
<createdBy>Gustavo Padlipskas</createdBy>
<createdTime>2022-08-16 17:50:14 UTC</createdTime>
<comment><![CDATA[Este atributo irá  receber a data de início de validade do tipo do contato. Seu conteudo é obrigatório.]]></comment>
<commentInRDBMS><![CDATA[Este atributo irá  receber a data de início de validade do tipo do contato. Seu conteudo é obrigatório.]]></commentInRDBMS>
<generatorID>53ED9ABB-1D51-E3CE-B964-859566232659</generatorID>
<ownerDesignName>Projeto_RHSTU</ownerDesignName>
<useDomainConstraints>false</useDomainConstraints>
<use>1</use>
<logicalDatatype>LOGDT007</logicalDatatype>
<ownDataTypeParameters>,,</ownDataTypeParameters>
<autoIncrementCycle>false</autoIncrementCycle>
</Column>
<Column name="DT_FIM" id="7A704EAE-DFF1-9C5D-2C25-1B71A7281C8F">
<createdBy>Gustavo Padlipskas</createdBy>
<createdTime>2022-08-16 17:50:14 UTC</createdTime>
<comment><![CDATA[Este atributo irá  receber a data de término  de validade do tipo do contato. Seu conteudo é obrigatório.]]></comment>
<commentInRDBMS><![CDATA[Este atributo irá  receber a data de término  de validade do tipo do contato. Seu conteudo é obrigatório.]]></commentInRDBMS>
<generatorID>C2128B5A-EBA3-F076-EFD2-5AC661F76A4D</generatorID>
<ownerDesignName>Projeto_RHSTU</ownerDesignName>
<nullsAllowed>true</nullsAllowed>
<useDomainConstraints>false</useDomainConstraints>
<use>1</use>
<logicalDatatype>LOGDT007</logicalDatatype>
<ownDataTypeParameters>,,</ownDataTypeParameters>
<autoIncrementCycle>false</autoIncrementCycle>
</Column>
</columns>
<indexes itemClass="oracle.dbtools.crest.model.design.relational.Index">
<ind_PK_UK id="F11D2B29-EB17-A250-BE05-04DD489AC8DE" name="PK_RHSTU_TIPO_CONTATO">
<createdBy>Gustavo Padlipskas</createdBy>
<createdTime>2022-08-16 17:50:14 UTC</createdTime>
<generatorID>C3B8E62C-F474-3340-3A33-B0C00FEF136F</generatorID>
<ownerDesignName>Projeto_RHSTU</ownerDesignName>
<pk>true</pk>
<indexState>Primary Constraint</indexState>
<isSurrogateKey>false</isSurrogateKey>
<indexColumnUsage>
<colUsage columnID="4D3B33BD-1F44-E6DA-8245-144F73380782"/>
</indexColumnUsage>
</ind_PK_UK>
</indexes>
</Table>