<?xml version = '1.0' encoding = 'UTF-8'?>
<Table class="oracle.dbtools.crest.model.design.relational.Table" directorySegmentName="seg_0" id="65F9A01D-AC26-7E0D-7727-5BDE76E87BBD" name="T_RHSTU_CONSULTA">
<createdBy>Gustavo Padlipskas</createdBy>
<createdTime>2022-08-16 17:50:14 UTC</createdTime>
<generatorID>31723517-2989-D028-7B9E-D4C226A4767D</generatorID>
<ownerDesignName>Projeto_RHSTU</ownerDesignName>
<allowColumnReorder>false</allowColumnReorder>
<existDependencyGenerateInDDl>true</existDependencyGenerateInDDl>
<parsed>true</parsed>
<columns itemClass="oracle.dbtools.crest.model.design.relational.Column">
<Column name="ID_UNID_HOSPITAL" id="28BDC352-8029-5FD0-5BF9-FE4B14B3E198">
<createdBy>Gustavo Padlipskas</createdBy>
<createdTime>2022-08-16 17:50:14 UTC</createdTime>
<comment><![CDATA[Esse atributo irá receber a chave primária da Unidade Hospitalar. Esse número é sequencia e gerado automaticamente pelo sistema. Seu conteúdo é obrigatório.]]></comment>
<generatorID>B6C488CB-AE82-A793-0536-0FCACEBB3861</generatorID>
<ownerDesignName>Projeto_RHSTU</ownerDesignName>
<useDomainConstraints>false</useDomainConstraints>
<use>1</use>
<logicalDatatype>LOGDT019</logicalDatatype>
<dataTypePrecision>9</dataTypePrecision>
<ownDataTypeParameters>,,</ownDataTypeParameters>
<previousColumn>false</previousColumn>
<autoIncrementCycle>false</autoIncrementCycle>
<associations>
<colAssociation fkAssociation="1A979192-F1E6-B39F-1862-3783B17A3011" referredColumn="963E8E12-B834-AE29-7579-5587B288AE9C"/>
</associations>
</Column>
<Column name="NR_CONSULTA" id="ADA02631-6483-0F79-601D-59C0F42E461A">
<createdBy>Gustavo Padlipskas</createdBy>
<createdTime>2022-08-16 17:50:14 UTC</createdTime>
<generatorID>4DC2BBD4-5844-F984-AA0B-B83576D7F211</generatorID>
<ownerDesignName>Projeto_RHSTU</ownerDesignName>
<useDomainConstraints>false</useDomainConstraints>
<use>1</use>
<logicalDatatype>LOGDT019</logicalDatatype>
<ownDataTypeParameters>,,</ownDataTypeParameters>
<autoIncrementCycle>false</autoIncrementCycle>
</Column>
<Column name="ID_PACIENTE" id="1728B2A3-1B91-994C-A627-7854D111E16B">
<createdBy>Gustavo Padlipskas</createdBy>
<createdTime>2022-08-16 17:50:14 UTC</createdTime>
<comment><![CDATA[Esse atributo irá receber a chave primária do paciente. Esse número é sequencial e gerado automaticamente pelo sistema. Seu conteúdo é obrigatório.]]></comment>
<generatorID>AE16BCCF-B954-6824-F7DB-300D2318D9B2</generatorID>
<ownerDesignName>Projeto_RHSTU</ownerDesignName>
<useDomainConstraints>false</useDomainConstraints>
<use>1</use>
<logicalDatatype>LOGDT019</logicalDatatype>
<dataTypePrecision>9</dataTypePrecision>
<ownDataTypeParameters>,,</ownDataTypeParameters>
<previousColumn>false</previousColumn>
<autoIncrementCycle>false</autoIncrementCycle>
<associations>
<colAssociation fkAssociation="FA8AF726-02C3-6908-FB5B-DA981AEF7CA6" referredColumn="5C207F95-FC51-9A53-46F9-A2733B2045BC"/>
</associations>
</Column>
<Column name="CD_MEDICO" id="18748244-DD94-4ACF-9376-19269CA0A446">
<createdBy>Gustavo Padlipskas</createdBy>
<createdTime>2022-08-16 17:50:14 UTC</createdTime>
<generatorID>4ADC3A8B-EDCB-8300-F9D5-2595EE930581</generatorID>
<ownerDesignName>Projeto_RHSTU</ownerDesignName>
<useDomainConstraints>false</useDomainConstraints>
<use>1</use>
<logicalDatatype>LOGDT019</logicalDatatype>
<ownDataTypeParameters>,,</ownDataTypeParameters>
<previousColumn>false</previousColumn>
<autoIncrementCycle>false</autoIncrementCycle>
<associations>
<colAssociation fkAssociation="FDF3B982-128C-93D3-1315-05B778FADDA1" referredColumn="680FE53E-CEBB-41B1-5E38-F410ED88DA00"/>
</associations>
</Column>
<Column name="DT_HR_CONSULTA" id="F1F949F9-F942-2C49-E19D-6C0B3F140E83">
<createdBy>Gustavo Padlipskas</createdBy>
<createdTime>2022-08-16 17:50:14 UTC</createdTime>
<generatorID>E984FC82-E115-71C8-5FDA-85BB1A35804F</generatorID>
<ownerDesignName>Projeto_RHSTU</ownerDesignName>
<useDomainConstraints>false</useDomainConstraints>
<use>1</use>
<logicalDatatype>LOGDT007</logicalDatatype>
<ownDataTypeParameters>,,</ownDataTypeParameters>
<autoIncrementCycle>false</autoIncrementCycle>
</Column>
<Column name="NR_CONSULTORIO" id="BBB4869B-56A2-C225-066C-1CFBEC0A685C">
<createdBy>Gustavo Padlipskas</createdBy>
<createdTime>2022-08-16 17:50:14 UTC</createdTime>
<generatorID>27D923EF-8051-DAC9-6DAC-2BE39E00AAB0</generatorID>
<ownerDesignName>Projeto_RHSTU</ownerDesignName>
<useDomainConstraints>false</useDomainConstraints>
<use>1</use>
<logicalDatatype>LOGDT019</logicalDatatype>
<dataTypePrecision>5</dataTypePrecision>
<ownDataTypeParameters>,5,</ownDataTypeParameters>
<autoIncrementCycle>false</autoIncrementCycle>
</Column>
</columns>
<indexes itemClass="oracle.dbtools.crest.model.design.relational.Index">
<ind_PK_UK id="0008453A-EC82-55A7-8F48-DEDBEA03F486" name="PK_RHSTU_CONSULTA">
<createdBy>Gustavo Padlipskas</createdBy>
<createdTime>2022-08-16 17:50:14 UTC</createdTime>
<generatorID>94012AC5-2823-C905-42C8-C02D1BAAFCE4</generatorID>
<ownerDesignName>Projeto_RHSTU</ownerDesignName>
<pk>true</pk>
<indexState>Primary Constraint</indexState>
<isSurrogateKey>false</isSurrogateKey>
<indexColumnUsage>
<colUsage columnID="ADA02631-6483-0F79-601D-59C0F42E461A"/>
<colUsage columnID="28BDC352-8029-5FD0-5BF9-FE4B14B3E198"/>
</indexColumnUsage>
</ind_PK_UK>
<ind_PK_UK id="03FB2953-5AE3-0AE9-97AA-6A31302CCEA8" name="FK_RHSTU_UNID_HOSP_CONSULTA">
<createdBy>Gustavo Padlipskas</createdBy>
<createdTime>2022-08-16 17:50:15 UTC</createdTime>
<generatorID>A13A1EBB-693F-9AEF-C9E5-3E59D154F9D3</generatorID>
<ownerDesignName>Projeto_RHSTU</ownerDesignName>
<indexState>Foreign Key</indexState>
<isSurrogateKey>false</isSurrogateKey>
<indexColumnUsage>
<colUsage columnID="28BDC352-8029-5FD0-5BF9-FE4B14B3E198"/>
</indexColumnUsage>
</ind_PK_UK>
<ind_PK_UK id="28B66851-581D-B7F5-FBD3-605DB8E9EB1D" name="FK_STU_MED_CONSULTA">
<createdBy>Gustavo Padlipskas</createdBy>
<createdTime>2022-08-16 17:50:15 UTC</createdTime>
<generatorID>D2E39926-C7CB-40C3-CCFE-0A79C9A7B3BB</generatorID>
<ownerDesignName>Projeto_RHSTU</ownerDesignName>
<indexState>Foreign Key</indexState>
<isSurrogateKey>false</isSurrogateKey>
<indexColumnUsage>
<colUsage columnID="18748244-DD94-4ACF-9376-19269CA0A446"/>
</indexColumnUsage>
</ind_PK_UK>
<ind_PK_UK id="0F91C0DC-4F97-D7FD-247C-F4D66CFF8E65" name="FK_STU_PAC_CONSULTA">
<createdBy>Gustavo Padlipskas</createdBy>
<createdTime>2022-08-16 17:50:15 UTC</createdTime>
<generatorID>911D582F-E5D9-B53A-08A1-2336487045C2</generatorID>
<ownerDesignName>Projeto_RHSTU</ownerDesignName>
<indexState>Foreign Key</indexState>
<isSurrogateKey>false</isSurrogateKey>
<indexColumnUsage>
<colUsage columnID="1728B2A3-1B91-994C-A627-7854D111E16B"/>
</indexColumnUsage>
</ind_PK_UK>
</indexes>
</Table>