<?xml version = '1.0' encoding = 'UTF-8'?>
<Table class="oracle.dbtools.crest.model.design.relational.Table" directorySegmentName="seg_0" id="7383827C-DED9-4E46-977E-5C7EA640B9F6" name="T_RHSTU_CONSULTA_FORMA_PAGTO">
<createdBy>Gustavo Padlipskas</createdBy>
<createdTime>2022-08-16 17:50:14 UTC</createdTime>
<generatorID>59D118B8-7019-669A-9873-2AC021E05E28</generatorID>
<ownerDesignName>Projeto_RHSTU</ownerDesignName>
<allowColumnReorder>false</allowColumnReorder>
<existDependencyGenerateInDDl>true</existDependencyGenerateInDDl>
<parsed>true</parsed>
<columns itemClass="oracle.dbtools.crest.model.design.relational.Column">
<Column name="ID_CONSULTA_FORMA_PAGTO" id="F2E2CCC0-52D3-1867-CADA-8803D1AB0CF0">
<createdBy>Gustavo Padlipskas</createdBy>
<createdTime>2022-08-16 17:50:14 UTC</createdTime>
<generatorID>ADD37499-0A55-F7B7-05D0-4CDA34F30DB9</generatorID>
<ownerDesignName>Projeto_RHSTU</ownerDesignName>
<useDomainConstraints>false</useDomainConstraints>
<use>1</use>
<logicalDatatype>LOGDT019</logicalDatatype>
<ownDataTypeParameters>,,</ownDataTypeParameters>
<autoIncrementColumn>true</autoIncrementColumn>
<autoIncrementCycle>false</autoIncrementCycle>
<autoIncrementSequenceName>SQ_RHSTU_CONS_FORM_PAGTO</autoIncrementSequenceName>
<autoIncrementTriggerName>TR_RHSTU__CONS_FORM_PAGTO</autoIncrementTriggerName>
</Column>
<Column name="ID_UNID_HOSPITAL" id="CBA95550-EA57-1C7E-717C-4B96A2612CDA">
<createdBy>Gustavo Padlipskas</createdBy>
<createdTime>2022-08-16 17:50:14 UTC</createdTime>
<comment><![CDATA[Esse atributo irá receber a chave primária da Unidade Hospitalar. Esse número é sequencia e gerado automaticamente pelo sistema. Seu conteúdo é obrigatório.]]></comment>
<generatorID>A63EF0B2-598C-0448-3391-36D2DBC1D967</generatorID>
<ownerDesignName>Projeto_RHSTU</ownerDesignName>
<useDomainConstraints>false</useDomainConstraints>
<use>1</use>
<logicalDatatype>LOGDT019</logicalDatatype>
<dataTypePrecision>9</dataTypePrecision>
<ownDataTypeParameters>,,</ownDataTypeParameters>
<previousColumn>false</previousColumn>
<autoIncrementCycle>false</autoIncrementCycle>
<associations>
<colAssociation fkAssociation="603CFC5E-C458-6B15-C8D6-338446D833FA" referredColumn="28BDC352-8029-5FD0-5BF9-FE4B14B3E198"/>
</associations>
</Column>
<Column name="NR_CONSULTA" id="7877C7CF-FE0F-3718-D966-76EA99ABD10B">
<createdBy>Gustavo Padlipskas</createdBy>
<createdTime>2022-08-16 17:50:14 UTC</createdTime>
<generatorID>6554A93E-DE91-0FA3-8926-1F3FD93F3461</generatorID>
<ownerDesignName>Projeto_RHSTU</ownerDesignName>
<useDomainConstraints>false</useDomainConstraints>
<use>1</use>
<logicalDatatype>LOGDT019</logicalDatatype>
<ownDataTypeParameters>,,</ownDataTypeParameters>
<previousColumn>false</previousColumn>
<autoIncrementCycle>false</autoIncrementCycle>
<associations>
<colAssociation fkAssociation="603CFC5E-C458-6B15-C8D6-338446D833FA" referredColumn="ADA02631-6483-0F79-601D-59C0F42E461A"/>
</associations>
</Column>
<Column name="ID_PACIENTE_PS" id="EF1AEFA7-080A-B7FD-65E5-C255B1DC8DD1">
<createdBy>Gustavo Padlipskas</createdBy>
<createdTime>2022-08-16 17:50:14 UTC</createdTime>
<comment><![CDATA[Esse atributo irá receber a chave primária do plano de saúde do paciente. Esse número é sequencial e gerado automaticamente pelo sistema. Seu conteúdo é obrigatório.]]></comment>
<generatorID>0FC65912-F2DB-98ED-A075-BF269EC95DB0</generatorID>
<ownerDesignName>Projeto_RHSTU</ownerDesignName>
<useDomainConstraints>false</useDomainConstraints>
<use>1</use>
<logicalDatatype>LOGDT019</logicalDatatype>
<dataTypePrecision>10</dataTypePrecision>
<ownDataTypeParameters>,,</ownDataTypeParameters>
<previousColumn>false</previousColumn>
<autoIncrementCycle>false</autoIncrementCycle>
<associations>
<colAssociation fkAssociation="02C10B62-7531-D18E-2993-526BDD790955" referredColumn="8E04BAC9-84C1-6334-645A-DCB5BF2C0C2C"/>
</associations>
</Column>
<Column name="ID_FORMA_PAGTO" id="73EEA5CA-C715-0810-8065-E59B3FF8D236">
<createdBy>Gustavo Padlipskas</createdBy>
<createdTime>2022-08-16 17:50:14 UTC</createdTime>
<generatorID>C59846D1-F01F-E630-E8DB-297DF9A0D1EC</generatorID>
<ownerDesignName>Projeto_RHSTU</ownerDesignName>
<useDomainConstraints>false</useDomainConstraints>
<use>1</use>
<logicalDatatype>LOGDT019</logicalDatatype>
<ownDataTypeParameters>,,</ownDataTypeParameters>
<previousColumn>false</previousColumn>
<autoIncrementCycle>false</autoIncrementCycle>
<associations>
<colAssociation fkAssociation="2279BCE8-D860-2F03-6513-E25701FBD27B" referredColumn="B982B448-502C-99AE-9F88-9D6EFC29DD96"/>
</associations>
</Column>
<Column name="DT_CADASTRO" id="DFF8F84A-2115-4175-DA88-E1718CFB1C92">
<createdBy>Gustavo Padlipskas</createdBy>
<createdTime>2022-08-16 17:50:14 UTC</createdTime>
<generatorID>7C3AE8C3-DDE9-3085-0DF2-D698332961A1</generatorID>
<ownerDesignName>Projeto_RHSTU</ownerDesignName>
<useDomainConstraints>false</useDomainConstraints>
<use>1</use>
<logicalDatatype>LOGDT007</logicalDatatype>
<ownDataTypeParameters>,,</ownDataTypeParameters>
<autoIncrementCycle>false</autoIncrementCycle>
</Column>
<Column name="DT_PAGTO_CONSULTA" id="0E952642-5119-3BBF-578C-DC78E9BDAC88">
<createdBy>Gustavo Padlipskas</createdBy>
<createdTime>2022-08-16 17:50:14 UTC</createdTime>
<generatorID>8709A8DE-98E3-AE00-1CDB-67B46CB51A0D</generatorID>
<ownerDesignName>Projeto_RHSTU</ownerDesignName>
<nullsAllowed>true</nullsAllowed>
<useDomainConstraints>false</useDomainConstraints>
<use>1</use>
<logicalDatatype>LOGDT007</logicalDatatype>
<ownDataTypeParameters>,,</ownDataTypeParameters>
<autoIncrementCycle>false</autoIncrementCycle>
</Column>
<Column name="ST_PAGTO_CONSULTA" id="7973D136-FB75-DE8C-2DBD-F3D5729CA2C1">
<createdBy>Gustavo Padlipskas</createdBy>
<createdTime>2022-08-16 17:50:14 UTC</createdTime>
<generatorID>556A88F4-8D9A-922B-163C-6285FBED8787</generatorID>
<ownerDesignName>Projeto_RHSTU</ownerDesignName>
<constraintName>UK_RHSTU_STATUS_PAGTO_PACI</constraintName>
<useDomainConstraints>false</useDomainConstraints>
<use>1</use>
<logicalDatatype>LOGDT025</logicalDatatype>
<dataTypeSize>1</dataTypeSize>
<listOfValues>
<valueDef value="A" description="Pagamento em aberto."/>
<valueDef value="C" description="Pagamento  cancelado."/>
<valueDef value="P" description="Pagamento confirmado e Ok!"/>
</listOfValues>
<ownDataTypeParameters>1,,</ownDataTypeParameters>
<autoIncrementCycle>false</autoIncrementCycle>
</Column>
</columns>
<indexes itemClass="oracle.dbtools.crest.model.design.relational.Index">
<ind_PK_UK id="82A3333A-4FCB-C46E-8578-028D71B3CCCB" name="PK_RHSTU_CONSULTA_FORMA_PAGTO">
<createdBy>Gustavo Padlipskas</createdBy>
<createdTime>2022-08-16 17:50:14 UTC</createdTime>
<generatorID>668CF5F0-C569-ACDC-0D79-CEF91E54611E</generatorID>
<ownerDesignName>Projeto_RHSTU</ownerDesignName>
<pk>true</pk>
<indexState>Primary Constraint</indexState>
<isSurrogateKey>false</isSurrogateKey>
<indexColumnUsage>
<colUsage columnID="F2E2CCC0-52D3-1867-CADA-8803D1AB0CF0"/>
</indexColumnUsage>
</ind_PK_UK>
<ind_PK_UK id="D3DFB168-2C2E-00A7-F42E-F440B00BBF1F" name="FK_STU_CONSULTA_FORMA_PAGTO">
<createdBy>Gustavo Padlipskas</createdBy>
<createdTime>2022-08-16 17:50:15 UTC</createdTime>
<generatorID>A0FB73A1-88E6-4FBA-DFED-E3093E46A5B6</generatorID>
<ownerDesignName>Projeto_RHSTU</ownerDesignName>
<indexState>Foreign Key</indexState>
<isSurrogateKey>false</isSurrogateKey>
<indexColumnUsage>
<colUsage columnID="7877C7CF-FE0F-3718-D966-76EA99ABD10B"/>
<colUsage columnID="CBA95550-EA57-1C7E-717C-4B96A2612CDA"/>
</indexColumnUsage>
</ind_PK_UK>
<ind_PK_UK id="FEEBF2BE-2134-A286-54F6-2175D0C2C19C" name="FK_STU_FORMA_PAGTO_CONSULTA">
<createdBy>Gustavo Padlipskas</createdBy>
<createdTime>2022-08-16 17:50:15 UTC</createdTime>
<generatorID>33B1FD0C-37C4-29F6-FEE9-93488DD3F096</generatorID>
<ownerDesignName>Projeto_RHSTU</ownerDesignName>
<indexState>Foreign Key</indexState>
<isSurrogateKey>false</isSurrogateKey>
<indexColumnUsage>
<colUsage columnID="73EEA5CA-C715-0810-8065-E59B3FF8D236"/>
</indexColumnUsage>
</ind_PK_UK>
<ind_PK_UK id="50F3142A-6B71-34D1-F528-F25F4C71417F" name="FK_STU_PAC_PS_CNST_FP">
<createdBy>Gustavo Padlipskas</createdBy>
<createdTime>2022-08-16 17:50:15 UTC</createdTime>
<generatorID>3D0808C1-511C-F645-3C01-0FFE93B42EB6</generatorID>
<ownerDesignName>Projeto_RHSTU</ownerDesignName>
<indexState>Foreign Key</indexState>
<isSurrogateKey>false</isSurrogateKey>
<indexColumnUsage>
<colUsage columnID="EF1AEFA7-080A-B7FD-65E5-C255B1DC8DD1"/>
</indexColumnUsage>
</ind_PK_UK>
</indexes>
</Table>