<?xml version = '1.0' encoding = 'UTF-8'?>
<Table class="oracle.dbtools.crest.model.design.relational.Table" directorySegmentName="seg_0" id="CA2ED333-DD98-EA9E-D282-94C132540C5A" name="T_RHSTU_LOGRADOURO">
<createdBy>Gustavo Padlipskas</createdBy>
<createdTime>2022-08-16 17:50:14 UTC</createdTime>
<generatorID>EF36AE33-0C04-3207-A42D-300BDBCD0474</generatorID>
<ownerDesignName>Projeto_RHSTU</ownerDesignName>
<allowColumnReorder>false</allowColumnReorder>
<existDependencyGenerateInDDl>true</existDependencyGenerateInDDl>
<parsed>true</parsed>
<columns itemClass="oracle.dbtools.crest.model.design.relational.Column">
<Column name="ID_LOGRADOURO" id="07E2807B-A06D-2535-AAC7-F649987BD85B">
<createdBy>Gustavo Padlipskas</createdBy>
<createdTime>2022-08-16 17:50:14 UTC</createdTime>
<comment><![CDATA[Esta coluna irá receber o codigo interno para garantir o lograouro, que esta localizado no  cadastro dos  Bairros da Cidade do Estado do Brasil. Seu conteúdo é obrigatório e único será preenchido automaticamente pelo sistema.]]></comment>
<commentInRDBMS><![CDATA[Esta coluna irá receber o codigo interno para garantir o lograouro, que esta localizado no  cadastro dos  Bairros da Cidade do Estado do Brasil. Seu conteúdo é obrigatório e único será preenchido automaticamente pelo sistema.]]></commentInRDBMS>
<generatorID>6AE78D81-1655-3825-3B5F-64B2D9C0E214</generatorID>
<ownerDesignName>Projeto_RHSTU</ownerDesignName>
<useDomainConstraints>false</useDomainConstraints>
<use>1</use>
<logicalDatatype>LOGDT019</logicalDatatype>
<dataTypePrecision>10</dataTypePrecision>
<ownDataTypeParameters>,10,</ownDataTypeParameters>
<autoIncrementColumn>true</autoIncrementColumn>
<autoIncrementCycle>false</autoIncrementCycle>
<autoIncrementSequenceName>SQ_RHSTU_LOGRADOURO</autoIncrementSequenceName>
<autoIncrementTriggerName>TR_RHSTU_LOGRADOURO</autoIncrementTriggerName>
</Column>
<Column name="ID_BAIRRO" id="53574F03-6F72-3E63-5CF6-5CB16D66FD08">
<createdBy>Gustavo Padlipskas</createdBy>
<createdTime>2022-08-16 17:50:14 UTC</createdTime>
<comment><![CDATA[Esta coluna irá receber o codigo interno para garantir o cadastro dos  Bairros da Cidade do Estado do Brasil. Seu conteúdo é obrigatório e único será preenchido automaticamente pelo sistema.]]></comment>
<commentInRDBMS><![CDATA[Esta coluna irá receber o codigo interno para garantir o cadastro dos  Bairros da Cidade do Estado do Brasil. Seu conteúdo é obrigatório e único será preenchido automaticamente pelo sistema.]]></commentInRDBMS>
<generatorID>12209B7E-E199-0F1F-97C5-65EA383E7F01</generatorID>
<ownerDesignName>Projeto_RHSTU</ownerDesignName>
<useDomainConstraints>false</useDomainConstraints>
<use>1</use>
<logicalDatatype>LOGDT019</logicalDatatype>
<dataTypePrecision>8</dataTypePrecision>
<ownDataTypeParameters>,,</ownDataTypeParameters>
<previousColumn>false</previousColumn>
<autoIncrementCycle>false</autoIncrementCycle>
<associations>
<colAssociation fkAssociation="3C81E157-8950-FE74-82CC-CD6CDF438BEC" referredColumn="CBFAD63E-5738-E0D3-5553-D5D92A908012"/>
</associations>
</Column>
<Column name="NM_LOGRADOURO" id="2D8BEE2A-9394-F110-8990-5DCA168A6E01">
<createdBy>Gustavo Padlipskas</createdBy>
<createdTime>2022-08-16 17:50:14 UTC</createdTime>
<comment><![CDATA[Esta coluna irá receber o nome do lograoduro. O padrão de armazenmento é  InitCap e seu conteúdo é obrigatório. Essa tabela já será preenchida pela área responsável. Novas inseções necessitam ser avaladas pelos gestores.]]></comment>
<commentInRDBMS><![CDATA[Esta coluna irá receber o nome do lograoduro. O padrão de armazenmento é  InitCap e seu conteúdo é obrigatório. Essa tabela já será preenchida pela área responsável. Novas inseções necessitam ser avaladas pelos gestores.]]></commentInRDBMS>
<generatorID>0DEA52C5-ABEF-92D7-C0E9-B1E63FB19C1B</generatorID>
<ownerDesignName>Projeto_RHSTU</ownerDesignName>
<useDomainConstraints>false</useDomainConstraints>
<use>1</use>
<logicalDatatype>LOGDT024</logicalDatatype>
<dataTypeSize>100</dataTypeSize>
<ownDataTypeParameters>100,,</ownDataTypeParameters>
<autoIncrementCycle>false</autoIncrementCycle>
</Column>
<Column name="NR_CEP" id="68598A70-6B1C-FC34-72CC-AFDAB763E55A">
<createdBy>Gustavo Padlipskas</createdBy>
<createdTime>2022-08-16 17:50:14 UTC</createdTime>
<comment><![CDATA[Esta coluna irá receber o número do CEP do lograoduro. O padrão de armazenmento é  numérico  e seu conteúdo é obrigatório. Essa tabela já será preenchida pela área responsável. Novas inseções necessitam ser avaladas pelos gestores.]]></comment>
<commentInRDBMS><![CDATA[Esta coluna irá receber o número do CEP do lograoduro. O padrão de armazenmento é  numérico  e seu conteúdo é obrigatório. Essa tabela já será preenchida pela área responsável. Novas inseções necessitam ser avaladas pelos gestores.]]></commentInRDBMS>
<generatorID>33FDE320-D02D-D52F-D322-FEDB439A701F</generatorID>
<ownerDesignName>Projeto_RHSTU</ownerDesignName>
<useDomainConstraints>false</useDomainConstraints>
<use>1</use>
<logicalDatatype>LOGDT019</logicalDatatype>
<dataTypePrecision>8</dataTypePrecision>
<ownDataTypeParameters>,8,</ownDataTypeParameters>
<autoIncrementCycle>false</autoIncrementCycle>
</Column>
</columns>
<indexes itemClass="oracle.dbtools.crest.model.design.relational.Index">
<ind_PK_UK id="4F4496E6-7A85-37DE-D386-09C2E58E7D00" name="PK_RHSTU_LOGRADOURO">
<createdBy>Gustavo Padlipskas</createdBy>
<createdTime>2022-08-16 17:50:14 UTC</createdTime>
<generatorID>CAC38B00-31A4-2DC1-1A57-0768C14386F7</generatorID>
<ownerDesignName>Projeto_RHSTU</ownerDesignName>
<pk>true</pk>
<indexState>Primary Constraint</indexState>
<isSurrogateKey>false</isSurrogateKey>
<indexColumnUsage>
<colUsage columnID="07E2807B-A06D-2535-AAC7-F649987BD85B"/>
</indexColumnUsage>
</ind_PK_UK>
<ind_PK_UK id="659EC57F-0409-BE14-9E9E-A786434A299F" name="FK_RHSTU_BAIRRO_LOGRADOURO">
<createdBy>Gustavo Padlipskas</createdBy>
<createdTime>2022-08-16 17:50:15 UTC</createdTime>
<generatorID>DBB65F97-DD23-AFDD-4633-4CB296E35174</generatorID>
<ownerDesignName>Projeto_RHSTU</ownerDesignName>
<indexState>Foreign Key</indexState>
<isSurrogateKey>false</isSurrogateKey>
<indexColumnUsage>
<colUsage columnID="53574F03-6F72-3E63-5CF6-5CB16D66FD08"/>
</indexColumnUsage>
</ind_PK_UK>
</indexes>
</Table>