<?xml version = '1.0' encoding = 'UTF-8'?>
<Diagram class="oracle.dbtools.crest.swingui.logical.DPVLogical" name="Logical" id="C93A317F-40C4-8454-609B-BA5EA143DC15">
<createdBy>Gustavo Padlipskas</createdBy>
<modifiedBy>Gustavo Padlipskas</modifiedBy>
<createdTime>2021-03-11 14:57:46 UTC</createdTime>
<autoRoute>false</autoRoute>
<boxInbox>true</boxInbox>
<showLegend>false</showLegend>
<showLabels>false</showLabels>
<showRelAttributes>false</showRelAttributes>
<gridEnabled>false</gridEnabled>
<showGrid>false</showGrid>
<diagramColor>-1</diagramColor>
<display>false</display>
<notation>2</notation>
<objectViews>
<OView class="oracle.dbtools.crest.swingui.logical.TVEntity" oid="11C4F666-7146-09BB-A761-EE3416058B88" otype="Entity" vid="5ACC5C94-FE56-6C68-C3A1-DB2EF3392858">
<hideElementsInCurrentOnly>false</hideElementsInCurrentOnly>
<bounds x="393" y="191" width="304" height="130"/>
</OView>
<OView class="oracle.dbtools.crest.swingui.logical.TVEntity" oid="1A38783D-A6E3-011F-AE94-7991B8C23B12" otype="Entity" vid="B015E11D-502B-1F49-31F9-2CEBEB2E84E8">
<hideElementsInCurrentOnly>false</hideElementsInCurrentOnly>
<bounds x="1167" y="15" width="301" height="151"/>
</OView>
<OView class="oracle.dbtools.crest.swingui.logical.TVEntity" oid="2E17E053-B7F9-61F5-7EE4-7762B7062211" otype="Entity" vid="A70E48F5-38D3-DEC5-8289-A275AEBCF97D">
<hideElementsInCurrentOnly>false</hideElementsInCurrentOnly>
<bounds x="1932" y="360" width="220" height="167"/>
<useCustomFormat>true</useCustomFormat>
<useDefaultColor>false</useDefaultColor>
<backgroundColor>-52</backgroundColor>
<foregroundColor>-16776961</foregroundColor>
<fonts itemClass="oracle.dbtools.crest.model.design.FontObjectWr">
<FontObject>
<foType>Título</foType>
<fontStyle>1</fontStyle>
<colorRGB>-16776961</colorRGB>
</FontObject>
<FontObject>
<foType>Atributo</foType>
<colorRGB>-16777216</colorRGB>
</FontObject>
<FontObject>
<foType>Tipo de dados</foType>
<colorRGB>-16744448</colorRGB>
</FontObject>
<FontObject>
<foType>Elemento da Chave Primária</foType>
<colorRGB>-16776961</colorRGB>
</FontObject>
<FontObject>
<foType>Elemento da Chave Estrangeira</foType>
<colorRGB>-16777216</colorRGB>
</FontObject>
<FontObject>
<foType>Elemento de Chave Exclusiva</foType>
<colorRGB>-16776961</colorRGB>
</FontObject>
<FontObject>
<foType>NOT NULL</foType>
<colorRGB>-65536</colorRGB>
</FontObject>
<FontObject>
<foType>Chave</foType>
<colorRGB>-16777216</colorRGB>
</FontObject>
<FontObject>
<foType>Comentários</foType>
<colorRGB>-12566464</colorRGB>
</FontObject>
<FontObject>
<foType>Title</foType>
<fontStyle>1</fontStyle>
<colorRGB>-16776961</colorRGB>
</FontObject>
<FontObject>
<foType>Attribute</foType>
<colorRGB>-16777216</colorRGB>
</FontObject>
<FontObject>
<foType>PK Element</foType>
<colorRGB>-16776961</colorRGB>
</FontObject>
<FontObject>
<foType>Datatype</foType>
<colorRGB>-16744448</colorRGB>
</FontObject>
<FontObject>
<foType>FK Element</foType>
<colorRGB>-16777216</colorRGB>
</FontObject>
<FontObject>
<foType>Key</foType>
<colorRGB>-16777216</colorRGB>
</FontObject>
</fonts>
</OView>
<OView class="oracle.dbtools.crest.swingui.logical.TVEntity" oid="31723517-2989-D028-7B9E-D4C226A4767D" otype="Entity" vid="5783C098-25ED-876C-1649-6E4FA00854D8">
<hideElementsInCurrentOnly>false</hideElementsInCurrentOnly>
<bounds x="836" y="526" width="256" height="285"/>
</OView>
<OView class="oracle.dbtools.crest.swingui.logical.TVEntity" oid="4E669F69-BDAD-1338-53E6-A52CD1549F1D" otype="Entity" vid="178283F1-5BDE-FE75-D454-EF84F2E564CA">
<hideElementsInCurrentOnly>false</hideElementsInCurrentOnly>
<bounds x="28" y="593" width="302" height="220"/>
</OView>
<OView class="oracle.dbtools.crest.swingui.logical.TVEntity" oid="506DDC9A-FC9E-D13D-7FAD-ED571E3AEA46" otype="Entity" vid="17E983DE-37CB-93F1-22B4-D334D77A1EA5">
<hideElementsInCurrentOnly>false</hideElementsInCurrentOnly>
<bounds x="835" y="16" width="254" height="451"/>
</OView>
<OView class="oracle.dbtools.crest.swingui.logical.TVEntity" oid="59D118B8-7019-669A-9873-2AC021E05E28" otype="Entity" vid="E790899E-EAFF-3BAE-6498-A75FE9C8AF85">
<hideElementsInCurrentOnly>false</hideElementsInCurrentOnly>
<bounds x="386" y="589" width="306" height="222"/>
</OView>
<OView class="oracle.dbtools.crest.swingui.logical.TVEntity" oid="5F477709-1835-BF78-2C6F-0805B23D6DDF" otype="Entity" vid="0606F767-2D6E-E170-DC3B-F186FBD84E69">
<hideElementsInCurrentOnly>false</hideElementsInCurrentOnly>
<bounds x="1163" y="656" width="299" height="156"/>
</OView>
<OView class="oracle.dbtools.crest.swingui.logical.TVEntity" oid="62D01CD6-2F78-C150-EDE6-828E39ACBC85" otype="Entity" vid="DC79CE76-FFC9-949C-E922-6D94E493ABC2">
<hideElementsInCurrentOnly>false</hideElementsInCurrentOnly>
<bounds x="1165" y="188" width="301" height="206"/>
</OView>
<OView class="oracle.dbtools.crest.swingui.logical.TVEntity" oid="6781FCAA-FEBC-F03D-1691-5BD3950D67F6" otype="Entity" vid="BC0BBB51-1A97-B747-E85C-4D838C75D16F">
<hideElementsInCurrentOnly>false</hideElementsInCurrentOnly>
<bounds x="1164" y="852" width="292" height="162"/>
</OView>
<OView class="oracle.dbtools.crest.swingui.logical.TVEntity" oid="6AD84641-74C7-941E-D851-BC47522F588A" otype="Entity" vid="A8114C20-D698-ED50-3644-88C00B8C4A1A">
<hideElementsInCurrentOnly>false</hideElementsInCurrentOnly>
<bounds x="1931" y="590" width="221" height="133"/>
<useCustomFormat>true</useCustomFormat>
<useDefaultColor>false</useDefaultColor>
<backgroundColor>-52</backgroundColor>
<foregroundColor>-16776961</foregroundColor>
<fonts itemClass="oracle.dbtools.crest.model.design.FontObjectWr">
<FontObject>
<foType>Título</foType>
<fontStyle>1</fontStyle>
<colorRGB>-16776961</colorRGB>
</FontObject>
<FontObject>
<foType>Atributo</foType>
<colorRGB>-16777216</colorRGB>
</FontObject>
<FontObject>
<foType>Tipo de dados</foType>
<colorRGB>-16744448</colorRGB>
</FontObject>
<FontObject>
<foType>Elemento da Chave Primária</foType>
<colorRGB>-16776961</colorRGB>
</FontObject>
<FontObject>
<foType>Elemento da Chave Estrangeira</foType>
<colorRGB>-16777216</colorRGB>
</FontObject>
<FontObject>
<foType>Elemento de Chave Exclusiva</foType>
<colorRGB>-16776961</colorRGB>
</FontObject>
<FontObject>
<foType>NOT NULL</foType>
<colorRGB>-65536</colorRGB>
</FontObject>
<FontObject>
<foType>Chave</foType>
<colorRGB>-16777216</colorRGB>
</FontObject>
<FontObject>
<foType>Comentários</foType>
<colorRGB>-12566464</colorRGB>
</FontObject>
<FontObject>
<foType>Title</foType>
<fontStyle>1</fontStyle>
<colorRGB>-16776961</colorRGB>
</FontObject>
<FontObject>
<foType>Attribute</foType>
<colorRGB>-16777216</colorRGB>
</FontObject>
<FontObject>
<foType>PK Element</foType>
<colorRGB>-16776961</colorRGB>
</FontObject>
<FontObject>
<foType>Datatype</foType>
<colorRGB>-16744448</colorRGB>
</FontObject>
<FontObject>
<foType>FK Element</foType>
<colorRGB>-16777216</colorRGB>
</FontObject>
<FontObject>
<foType>Key</foType>
<colorRGB>-16777216</colorRGB>
</FontObject>
</fonts>
</OView>
<OView class="oracle.dbtools.crest.swingui.logical.TVEntity" oid="79FECE95-CF66-DB38-4C06-AF9CA83F1DA9" otype="Entity" vid="E7CB8064-F03F-E79F-57CB-E7C54541A6D8">
<hideElementsInCurrentOnly>false</hideElementsInCurrentOnly>
<bounds x="33" y="352" width="301" height="176"/>
</OView>
<OView class="oracle.dbtools.crest.swingui.logical.TVEntity" oid="7F97AFCE-66B0-EFFB-374D-972A410BD8AB" otype="Entity" vid="3DF90A5B-6C7B-1E3A-B0C9-77F72F8CEFD2">
<hideElementsInCurrentOnly>false</hideElementsInCurrentOnly>
<bounds x="1930" y="795" width="220" height="112"/>
<useCustomFormat>true</useCustomFormat>
<useDefaultColor>false</useDefaultColor>
<backgroundColor>-52</backgroundColor>
<foregroundColor>-16776961</foregroundColor>
<fonts itemClass="oracle.dbtools.crest.model.design.FontObjectWr">
<FontObject>
<foType>Título</foType>
<fontStyle>1</fontStyle>
<colorRGB>-16776961</colorRGB>
</FontObject>
<FontObject>
<foType>Atributo</foType>
<colorRGB>-16777216</colorRGB>
</FontObject>
<FontObject>
<foType>Tipo de dados</foType>
<colorRGB>-16744448</colorRGB>
</FontObject>
<FontObject>
<foType>Elemento da Chave Primária</foType>
<colorRGB>-16776961</colorRGB>
</FontObject>
<FontObject>
<foType>Elemento da Chave Estrangeira</foType>
<colorRGB>-16777216</colorRGB>
</FontObject>
<FontObject>
<foType>Elemento de Chave Exclusiva</foType>
<colorRGB>-16776961</colorRGB>
</FontObject>
<FontObject>
<foType>NOT NULL</foType>
<colorRGB>-65536</colorRGB>
</FontObject>
<FontObject>
<foType>Chave</foType>
<colorRGB>-16777216</colorRGB>
</FontObject>
<FontObject>
<foType>Comentários</foType>
<colorRGB>-12566464</colorRGB>
</FontObject>
<FontObject>
<foType>Title</foType>
<fontStyle>1</fontStyle>
<colorRGB>-16776961</colorRGB>
</FontObject>
<FontObject>
<foType>Attribute</foType>
<colorRGB>-16777216</colorRGB>
</FontObject>
<FontObject>
<foType>PK Element</foType>
<colorRGB>-16776961</colorRGB>
</FontObject>
<FontObject>
<foType>Datatype</foType>
<colorRGB>-16744448</colorRGB>
</FontObject>
<FontObject>
<foType>Key</foType>
<colorRGB>-16777216</colorRGB>
</FontObject>
</fonts>
</OView>
<OView class="oracle.dbtools.crest.swingui.TVNote" oid="85D1CBFA-1EB5-3B32-1365-22AA201481E3" otype="Note" vid="26AC02A3-FF41-873E-27CA-AB026F3D9BD7">
<hideElementsInCurrentOnly>false</hideElementsInCurrentOnly>
<bounds x="23" y="25" width="345" height="107"/>
<useCustomFormat>true</useCustomFormat>
<useDefaultColor>false</useDefaultColor>
<backgroundColor>-13210</backgroundColor>
<foregroundColor>-16777216</foregroundColor>
<comment>PROJETO PRONTO SOCORRO
REDE DE HOSPITAL SOMOS TODOS UM!</comment>
<fonts itemClass="oracle.dbtools.crest.model.design.FontObjectWr">
<FontObject>
<foType>Título</foType>
<fontName>Arial Black</fontName>
<fontSize>20</fontSize>
<colorRGB>-16777216</colorRGB>
</FontObject>
<FontObject>
<foType>Title</foType>
<colorRGB>-16777216</colorRGB>
</FontObject>
</fonts>
</OView>
<OView class="oracle.dbtools.crest.swingui.logical.TVEntity" oid="8A769596-8442-81C5-8E8B-9FFE4C17B2D7" otype="Entity" vid="7C2D53D1-D87C-C804-DC36-6A608C41A322">
<hideElementsInCurrentOnly>false</hideElementsInCurrentOnly>
<bounds x="1162" y="409" width="301" height="230"/>
</OView>
<OView class="oracle.dbtools.crest.swingui.logical.TVEntity" oid="C5153E1A-0C36-99E4-0FDF-BD7427056DA5" otype="Entity" vid="215D9DC1-BCE2-F17F-FF5A-85908EA24CEA">
<hideElementsInCurrentOnly>false</hideElementsInCurrentOnly>
<bounds x="396" y="18" width="301" height="148"/>
</OView>
<OView class="oracle.dbtools.crest.swingui.logical.TVEntity" oid="CAE63D5C-FA46-DA05-291D-441B59B3C713" otype="Entity" vid="E9074CFF-D779-ACCC-D341-3C069407EB11">
<hideElementsInCurrentOnly>false</hideElementsInCurrentOnly>
<bounds x="389" y="351" width="307" height="177"/>
</OView>
<OView class="oracle.dbtools.crest.swingui.logical.TVEntity" oid="CDD54745-3930-D1D7-5257-BDB05A5DBC33" otype="Entity" vid="B7DBA72F-428B-E586-56A9-01EB11C9CA56">
<hideElementsInCurrentOnly>false</hideElementsInCurrentOnly>
<bounds x="1525" y="12" width="301" height="128"/>
</OView>
<OView class="oracle.dbtools.crest.swingui.logical.TVEntity" oid="D392555C-7206-A975-2B61-A8268A878BA6" otype="Entity" vid="D8731574-48A6-7537-899A-032A2685D475">
<hideElementsInCurrentOnly>false</hideElementsInCurrentOnly>
<bounds x="832" y="851" width="258" height="158"/>
</OView>
<OView class="oracle.dbtools.crest.swingui.logical.TVEntity" oid="EF36AE33-0C04-3207-A42D-300BDBCD0474" otype="Entity" vid="13C0B371-D802-108C-8C6A-7949804F43F1">
<hideElementsInCurrentOnly>false</hideElementsInCurrentOnly>
<bounds x="1597" y="356" width="269" height="157"/>
<useCustomFormat>true</useCustomFormat>
<useDefaultColor>false</useDefaultColor>
<backgroundColor>-52</backgroundColor>
<foregroundColor>-16776961</foregroundColor>
<fonts itemClass="oracle.dbtools.crest.model.design.FontObjectWr">
<FontObject>
<foType>Título</foType>
<fontStyle>1</fontStyle>
<colorRGB>-16776961</colorRGB>
</FontObject>
<FontObject>
<foType>Atributo</foType>
<colorRGB>-16777216</colorRGB>
</FontObject>
<FontObject>
<foType>Tipo de dados</foType>
<colorRGB>-16744448</colorRGB>
</FontObject>
<FontObject>
<foType>Elemento da Chave Primária</foType>
<colorRGB>-16776961</colorRGB>
</FontObject>
<FontObject>
<foType>Elemento da Chave Estrangeira</foType>
<colorRGB>-16777216</colorRGB>
</FontObject>
<FontObject>
<foType>Elemento de Chave Exclusiva</foType>
<colorRGB>-16776961</colorRGB>
</FontObject>
<FontObject>
<foType>NOT NULL</foType>
<colorRGB>-65536</colorRGB>
</FontObject>
<FontObject>
<foType>Chave</foType>
<colorRGB>-16777216</colorRGB>
</FontObject>
<FontObject>
<foType>Comentários</foType>
<colorRGB>-12566464</colorRGB>
</FontObject>
<FontObject>
<foType>Title</foType>
<fontStyle>1</fontStyle>
<colorRGB>-16776961</colorRGB>
</FontObject>
<FontObject>
<foType>Attribute</foType>
<colorRGB>-16777216</colorRGB>
</FontObject>
<FontObject>
<foType>PK Element</foType>
<colorRGB>-16776961</colorRGB>
</FontObject>
<FontObject>
<foType>Datatype</foType>
<colorRGB>-16744448</colorRGB>
</FontObject>
<FontObject>
<foType>FK Element</foType>
<colorRGB>-16777216</colorRGB>
</FontObject>
<FontObject>
<foType>Key</foType>
<colorRGB>-16777216</colorRGB>
</FontObject>
</fonts>
</OView>
</objectViews>
<connectors>
<Connector class="oracle.dbtools.crest.swingui.logical.TVRelation" oid="20403068-9FFF-7A08-63D5-13C205008336" otype="Relation" vid_source="B7DBA72F-428B-E586-56A9-01EB11C9CA56" vid_target="B015E11D-502B-1F49-31F9-2CEBEB2E84E8">
<hideElementsInCurrentOnly>false</hideElementsInCurrentOnly>
<backgroundColor>-16777216</backgroundColor>
<lineWidth>1</lineWidth>
<points>
<point x="1525" y="77"/>
<point x="1468" y="77"/>
</points>
</Connector>
<Connector class="oracle.dbtools.crest.swingui.logical.TVRelation" oid="33B1FD0C-37C4-29F6-FEE9-93488DD3F096" otype="Relation" vid_source="178283F1-5BDE-FE75-D454-EF84F2E564CA" vid_target="E790899E-EAFF-3BAE-6498-A75FE9C8AF85">
<hideElementsInCurrentOnly>false</hideElementsInCurrentOnly>
<backgroundColor>-16777216</backgroundColor>
<lineWidth>1</lineWidth>
<points>
<point x="330" y="702"/>
<point x="386" y="702"/>
</points>
</Connector>
<Connector class="oracle.dbtools.crest.swingui.logical.TVRelation" oid="3D0808C1-511C-F645-3C01-0FFE93B42EB6" otype="Relation" vid_source="E9074CFF-D779-ACCC-D341-3C069407EB11" vid_target="E790899E-EAFF-3BAE-6498-A75FE9C8AF85">
<hideElementsInCurrentOnly>false</hideElementsInCurrentOnly>
<backgroundColor>-16777216</backgroundColor>
<lineWidth>1</lineWidth>
<points>
<point x="540" y="528"/>
<point x="540" y="589"/>
</points>
</Connector>
<Connector class="oracle.dbtools.crest.swingui.logical.TVRelation" oid="44E5549C-C7C7-BF95-744C-5BB1486C3FD3" otype="Relation" vid_source="E7CB8064-F03F-E79F-57CB-E7C54541A6D8" vid_target="E9074CFF-D779-ACCC-D341-3C069407EB11">
<hideElementsInCurrentOnly>false</hideElementsInCurrentOnly>
<backgroundColor>-16777216</backgroundColor>
<lineWidth>1</lineWidth>
<points>
<point x="334" y="440"/>
<point x="389" y="440"/>
</points>
</Connector>
<Connector class="oracle.dbtools.crest.swingui.logical.TVRelation" oid="4A5CFF10-AE2B-B882-7CFA-1E589D821947" otype="Relation" vid_source="17E983DE-37CB-93F1-22B4-D334D77A1EA5" vid_target="5ACC5C94-FE56-6C68-C3A1-DB2EF3392858">
<hideElementsInCurrentOnly>false</hideElementsInCurrentOnly>
<backgroundColor>-16777216</backgroundColor>
<lineWidth>1</lineWidth>
<points>
<point x="835" y="256"/>
<point x="697" y="256"/>
</points>
</Connector>
<Connector class="oracle.dbtools.crest.swingui.logical.TVRelation" oid="6177A758-C962-F731-DD11-84E24402812C" otype="Relation" vid_source="13C0B371-D802-108C-8C6A-7949804F43F1" vid_target="DC79CE76-FFC9-949C-E922-6D94E493ABC2">
<hideElementsInCurrentOnly>false</hideElementsInCurrentOnly>
<backgroundColor>-16777216</backgroundColor>
<lineWidth>1</lineWidth>
<points>
<point x="1721" y="356"/>
<point x="1721" y="257"/>
<point x="1466" y="257"/>
</points>
</Connector>
<Connector class="oracle.dbtools.crest.swingui.logical.TVRelation" oid="64277932-723C-53E9-4B5B-01730F978667" otype="Relation" vid_source="17E983DE-37CB-93F1-22B4-D334D77A1EA5" vid_target="E9074CFF-D779-ACCC-D341-3C069407EB11">
<hideElementsInCurrentOnly>false</hideElementsInCurrentOnly>
<backgroundColor>-16777216</backgroundColor>
<lineWidth>1</lineWidth>
<points>
<point x="835" y="409"/>
<point x="696" y="409"/>
</points>
</Connector>
<Connector class="oracle.dbtools.crest.swingui.logical.TVRelation" oid="7A44CA83-2567-601B-3A93-654A32B8C4FE" otype="Relation" vid_source="3DF90A5B-6C7B-1E3A-B0C9-77F72F8CEFD2" vid_target="A8114C20-D698-ED50-3644-88C00B8C4A1A">
<hideElementsInCurrentOnly>false</hideElementsInCurrentOnly>
<backgroundColor>-16777216</backgroundColor>
<lineWidth>1</lineWidth>
<points>
<point x="2040" y="795"/>
<point x="2040" y="723"/>
</points>
</Connector>
<Connector class="oracle.dbtools.crest.swingui.logical.TVRelation" oid="83E26DE5-CFC7-0393-6E33-ADB73D0FD6E6" otype="Relation" vid_source="5783C098-25ED-876C-1649-6E4FA00854D8" vid_target="D8731574-48A6-7537-899A-032A2685D475">
<hideElementsInCurrentOnly>false</hideElementsInCurrentOnly>
<backgroundColor>-16777216</backgroundColor>
<lineWidth>1</lineWidth>
<points>
<point x="963" y="811"/>
<point x="963" y="851"/>
</points>
</Connector>
<Connector class="oracle.dbtools.crest.swingui.logical.TVRelation" oid="8BCC4E83-DAA8-181A-7DE9-422F9A8742E1" otype="Relation" vid_source="17E983DE-37CB-93F1-22B4-D334D77A1EA5" vid_target="215D9DC1-BCE2-F17F-FF5A-85908EA24CEA">
<hideElementsInCurrentOnly>false</hideElementsInCurrentOnly>
<backgroundColor>-16777216</backgroundColor>
<lineWidth>1</lineWidth>
<points>
<point x="835" y="92"/>
<point x="697" y="92"/>
</points>
</Connector>
<Connector class="oracle.dbtools.crest.swingui.logical.TVRelation" oid="911D582F-E5D9-B53A-08A1-2336487045C2" otype="Relation" vid_source="17E983DE-37CB-93F1-22B4-D334D77A1EA5" vid_target="5783C098-25ED-876C-1649-6E4FA00854D8">
<hideElementsInCurrentOnly>false</hideElementsInCurrentOnly>
<backgroundColor>-16777216</backgroundColor>
<lineWidth>1</lineWidth>
<points>
<point x="962" y="467"/>
<point x="962" y="526"/>
</points>
</Connector>
<Connector class="oracle.dbtools.crest.swingui.logical.TVRelation" oid="A0FB73A1-88E6-4FBA-DFED-E3093E46A5B6" otype="Relation" vid_source="5783C098-25ED-876C-1649-6E4FA00854D8" vid_target="E790899E-EAFF-3BAE-6498-A75FE9C8AF85">
<hideElementsInCurrentOnly>false</hideElementsInCurrentOnly>
<backgroundColor>-16777216</backgroundColor>
<lineWidth>1</lineWidth>
<points>
<point x="836" y="700"/>
<point x="692" y="700"/>
</points>
</Connector>
<Connector class="oracle.dbtools.crest.swingui.logical.TVRelation" oid="A13A1EBB-693F-9AEF-C9E5-3E59D154F9D3" otype="Relation" vid_source="7C2D53D1-D87C-C804-DC36-6A608C41A322" vid_target="5783C098-25ED-876C-1649-6E4FA00854D8">
<hideElementsInCurrentOnly>false</hideElementsInCurrentOnly>
<backgroundColor>-16777216</backgroundColor>
<lineWidth>1</lineWidth>
<points>
<point x="1162" y="582"/>
<point x="1092" y="582"/>
</points>
</Connector>
<Connector class="oracle.dbtools.crest.swingui.logical.TVRelation" oid="B99331BB-0605-C347-7BB9-BF08521D724D" otype="Relation" vid_source="17E983DE-37CB-93F1-22B4-D334D77A1EA5" vid_target="DC79CE76-FFC9-949C-E922-6D94E493ABC2">
<hideElementsInCurrentOnly>false</hideElementsInCurrentOnly>
<backgroundColor>-16777216</backgroundColor>
<lineWidth>1</lineWidth>
<points>
<point x="1089" y="291"/>
<point x="1165" y="291"/>
</points>
</Connector>
<Connector class="oracle.dbtools.crest.swingui.logical.TVRelation" oid="C31FED11-1D9C-9238-DF35-C2367D31CAF5" otype="Relation" vid_source="A8114C20-D698-ED50-3644-88C00B8C4A1A" vid_target="A70E48F5-38D3-DEC5-8289-A275AEBCF97D">
<hideElementsInCurrentOnly>false</hideElementsInCurrentOnly>
<backgroundColor>-16777216</backgroundColor>
<lineWidth>1</lineWidth>
<points>
<point x="2042" y="590"/>
<point x="2042" y="527"/>
</points>
</Connector>
<Connector class="oracle.dbtools.crest.swingui.logical.TVRelation" oid="C9AA404F-3F73-B562-BF2E-D5A73690E21C" otype="Relation" vid_source="13C0B371-D802-108C-8C6A-7949804F43F1" vid_target="7C2D53D1-D87C-C804-DC36-6A608C41A322">
<hideElementsInCurrentOnly>false</hideElementsInCurrentOnly>
<backgroundColor>-16777216</backgroundColor>
<lineWidth>1</lineWidth>
<points>
<point x="1727" y="513"/>
<point x="1727" y="571"/>
<point x="1463" y="571"/>
</points>
</Connector>
<Connector class="oracle.dbtools.crest.swingui.logical.TVRelation" oid="D2E39926-C7CB-40C3-CCFE-0A79C9A7B3BB" otype="Relation" vid_source="0606F767-2D6E-E170-DC3B-F186FBD84E69" vid_target="5783C098-25ED-876C-1649-6E4FA00854D8">
<hideElementsInCurrentOnly>false</hideElementsInCurrentOnly>
<backgroundColor>-16777216</backgroundColor>
<lineWidth>1</lineWidth>
<points>
<point x="1163" y="733"/>
<point x="1092" y="733"/>
</points>
</Connector>
<Connector class="oracle.dbtools.crest.swingui.logical.TVRelation" oid="DBB65F97-DD23-AFDD-4633-4CB296E35174" otype="Relation" vid_source="A70E48F5-38D3-DEC5-8289-A275AEBCF97D" vid_target="13C0B371-D802-108C-8C6A-7949804F43F1">
<hideElementsInCurrentOnly>false</hideElementsInCurrentOnly>
<backgroundColor>-16777216</backgroundColor>
<lineWidth>1</lineWidth>
<points>
<point x="1932" y="436"/>
<point x="1866" y="436"/>
</points>
</Connector>
<Connector class="oracle.dbtools.crest.swingui.logical.TVRelation" oid="DE1DF8BF-A74C-3932-5D5D-DC1555633DE6" otype="Relation" vid_source="17E983DE-37CB-93F1-22B4-D334D77A1EA5" vid_target="B015E11D-502B-1F49-31F9-2CEBEB2E84E8">
<hideElementsInCurrentOnly>false</hideElementsInCurrentOnly>
<backgroundColor>-16777216</backgroundColor>
<lineWidth>1</lineWidth>
<points>
<point x="1089" y="91"/>
<point x="1167" y="91"/>
</points>
</Connector>
<Connector class="oracle.dbtools.crest.swingui.logical.TVRelation" oid="E71B8DAC-5B82-7B25-D969-CE67BC49AF03" otype="Relation" vid_source="BC0BBB51-1A97-B747-E85C-4D838C75D16F" vid_target="D8731574-48A6-7537-899A-032A2685D475">
<hideElementsInCurrentOnly>false</hideElementsInCurrentOnly>
<backgroundColor>-16777216</backgroundColor>
<lineWidth>1</lineWidth>
<points>
<point x="1164" y="930"/>
<point x="1090" y="930"/>
</points>
</Connector>
</connectors>
</Diagram>