<?xml version = '1.0' encoding = 'UTF-8'?>
<Entity class="oracle.dbtools.crest.model.design.logical.Entity" directorySegmentName="seg_0" id="057A12F9-07AE-B29F-3975-7CC8C1949FA2" name="T_STU_MEDICAMENTO">
<createdBy>logonrmlocal</createdBy>
<createdTime>2022-05-04 00:47:12 UTC</createdTime>
<ownerDesignName>modelado05032022</ownerDesignName>
<engineerTo>
<item key="BD52EFD7-AD57-1D29-FBCE-37428351E3D1" value="true"/>
</engineerTo>
<adequatelyNormalized>NO</adequatelyNormalized>
<expectedVolumes>0</expectedVolumes>
<fwdEngineeringStrategyName>Single Table</fwdEngineeringStrategyName>
<growthPercent>0</growthPercent>
<growthType>Year</growthType>
<maxVolumes>9999999</maxVolumes>
<minVolumes>0</minVolumes>
<normalForm>Third</normalForm>
<attributes itemClass="oracle.dbtools.crest.model.design.logical.Attribute">
<Attribute name="ID_MEDICAMENTO" id="DB6AABC3-4E56-27FF-E892-EB3B053DD960">
<createdBy>logonrmlocal</createdBy>
<createdTime>2022-05-04 00:47:42 UTC</createdTime>
<ownerDesignName>modelado05032022</ownerDesignName>
<engineerTo>
<item key="BD52EFD7-AD57-1D29-FBCE-37428351E3D1" value="true"/>
</engineerTo>
<useDomainConstraints>false</useDomainConstraints>
<use>1</use>
<logicalDatatype>LOGDT019</logicalDatatype>
<dataTypePrecision>10</dataTypePrecision>
<ownDataTypeParameters>,10,</ownDataTypeParameters>
</Attribute>
<Attribute name="NM_MEDICAMENTO" id="0D2FC526-4C25-CA29-D7EC-B00B06B2C120">
<createdBy>logonrmlocal</createdBy>
<createdTime>2022-05-04 00:51:03 UTC</createdTime>
<ownerDesignName>modelado05032022</ownerDesignName>
<engineerTo>
<item key="BD52EFD7-AD57-1D29-FBCE-37428351E3D1" value="true"/>
</engineerTo>
<useDomainConstraints>false</useDomainConstraints>
<use>1</use>
<logicalDatatype>LOGDT024</logicalDatatype>
<dataTypeSize>50</dataTypeSize>
<ownDataTypeParameters>50,,</ownDataTypeParameters>
</Attribute>
</attributes>
<identifiers itemClass="oracle.dbtools.crest.model.design.logical.CandidateKey">
<identifier id="F8E6C22C-6FDF-F918-3B80-FF0EE14631FC" name="T_STU_MEDICAMENTO PK">
<createdBy>logonrmlocal</createdBy>
<createdTime>2022-05-04 00:48:57 UTC</createdTime>
<ownerDesignName>modelado05032022</ownerDesignName>
<engineerTo>
<item key="BD52EFD7-AD57-1D29-FBCE-37428351E3D1" value="true"/>
</engineerTo>
<pk>true</pk>
<usedAttributes>
<attributeRef>DB6AABC3-4E56-27FF-E892-EB3B053DD960</attributeRef>
</usedAttributes>
</identifier>
</identifiers>
</Entity>