<?xml version = '1.0' encoding = 'UTF-8'?>
<Entity class="oracle.dbtools.crest.model.design.logical.Entity" directorySegmentName="seg_0" id="7A330C39-AD5D-E012-0CCB-811EC343087E" name="T_STU_PRESCRISAO">
<createdBy>logonrmlocal</createdBy>
<createdTime>2022-05-04 00:55:43 UTC</createdTime>
<ownerDesignName>modelado05032022</ownerDesignName>
<engineerTo>
<item key="BD52EFD7-AD57-1D29-FBCE-37428351E3D1" value="true"/>
</engineerTo>
<adequatelyNormalized>NO</adequatelyNormalized>
<expectedVolumes>0</expectedVolumes>
<fwdEngineeringStrategyName>Single Table</fwdEngineeringStrategyName>
<growthPercent>0</growthPercent>
<growthType>Year</growthType>
<maxVolumes>9999999</maxVolumes>
<minVolumes>0</minVolumes>
<normalForm>Third</normalForm>
<attributes itemClass="oracle.dbtools.crest.model.design.logical.Attribute">
<Attribute name="ID_PRESCRICAO" id="0F168031-4A1B-58F1-9570-58CDE9523BBA">
<createdBy>logonrmlocal</createdBy>
<createdTime>2022-05-04 00:59:41 UTC</createdTime>
<ownerDesignName>modelado05032022</ownerDesignName>
<engineerTo>
<item key="BD52EFD7-AD57-1D29-FBCE-37428351E3D1" value="true"/>
</engineerTo>
<useDomainConstraints>false</useDomainConstraints>
<use>1</use>
<logicalDatatype>LOGDT019</logicalDatatype>
<dataTypePrecision>9</dataTypePrecision>
<ownDataTypeParameters>,9,</ownDataTypeParameters>
</Attribute>
<Attribute name="DS_VIA" id="D1603F5A-6ECE-B432-53BD-658A29F83408">
<createdBy>logonrmlocal</createdBy>
<createdTime>2022-05-04 01:02:35 UTC</createdTime>
<ownerDesignName>modelado05032022</ownerDesignName>
<engineerTo>
<item key="BD52EFD7-AD57-1D29-FBCE-37428351E3D1" value="true"/>
</engineerTo>
<nullsAllowed>true</nullsAllowed>
<useDomainConstraints>false</useDomainConstraints>
<use>1</use>
<logicalDatatype>LOGDT024</logicalDatatype>
<dataTypeSize>80</dataTypeSize>
<ownDataTypeParameters>80,,</ownDataTypeParameters>
</Attribute>
<Attribute name="DS_POSOLOGIA" id="41E30B50-43B5-F0EC-77B0-9DE60E2C2FD2">
<createdBy>logonrmlocal</createdBy>
<createdTime>2022-05-04 01:03:32 UTC</createdTime>
<ownerDesignName>modelado05032022</ownerDesignName>
<engineerTo>
<item key="BD52EFD7-AD57-1D29-FBCE-37428351E3D1" value="true"/>
</engineerTo>
<nullsAllowed>true</nullsAllowed>
<useDomainConstraints>false</useDomainConstraints>
<use>1</use>
<logicalDatatype>LOGDT024</logicalDatatype>
<dataTypeSize>80</dataTypeSize>
<ownDataTypeParameters>80,,</ownDataTypeParameters>
</Attribute>
<Attribute name="DS_ORIENTACAO_USO" id="F077CFBF-2A15-472E-B625-0F89A2F6D5D1">
<createdBy>logonrmlocal</createdBy>
<createdTime>2022-05-04 01:04:47 UTC</createdTime>
<ownerDesignName>modelado05032022</ownerDesignName>
<engineerTo>
<item key="BD52EFD7-AD57-1D29-FBCE-37428351E3D1" value="true"/>
</engineerTo>
<nullsAllowed>true</nullsAllowed>
<useDomainConstraints>false</useDomainConstraints>
<use>1</use>
<logicalDatatype>LOGDT024</logicalDatatype>
<dataTypeSize>200</dataTypeSize>
<ownDataTypeParameters>200,,</ownDataTypeParameters>
</Attribute>
<Attribute name="ID_MEDICAMENTO" id="9094CEB9-5637-AF00-305F-D9239AF219E3">
<createdBy>logonrmlocal</createdBy>
<createdTime>2022-05-04 01:23:25 UTC</createdTime>
<generatorID>5F2E670F-FD47-9154-E991-F89787581BCB</generatorID>
<ownerDesignName>modelado05032022</ownerDesignName>
<engineerTo>
<item key="BD52EFD7-AD57-1D29-FBCE-37428351E3D1" value="true"/>
</engineerTo>
<referedAttribute>DB6AABC3-4E56-27FF-E892-EB3B053DD960</referedAttribute>
<useDomainConstraints>false</useDomainConstraints>
<use>1</use>
<logicalDatatype>LOGDT019</logicalDatatype>
<dataTypePrecision>10</dataTypePrecision>
<ownDataTypeParameters>,,</ownDataTypeParameters>
</Attribute>
<Attribute name="NR_CONSULTA" id="7EB5A50B-E10B-DD84-8299-101DB2E59B95">
<createdBy>logonrmlocal</createdBy>
<createdTime>2022-05-04 01:31:44 UTC</createdTime>
<generatorID>55E0EE23-D153-B15D-20DE-F10A5E2A586F</generatorID>
<ownerDesignName>modelado05032022</ownerDesignName>
<engineerTo>
<item key="BD52EFD7-AD57-1D29-FBCE-37428351E3D1" value="true"/>
</engineerTo>
<referedAttribute>4DC2BBD4-5844-F984-AA0B-B83576D7F211</referedAttribute>
<useDomainConstraints>false</useDomainConstraints>
<use>1</use>
<logicalDatatype>LOGDT019</logicalDatatype>
<ownDataTypeParameters>,,</ownDataTypeParameters>
</Attribute>
</attributes>
<identifiers itemClass="oracle.dbtools.crest.model.design.logical.CandidateKey">
<identifier id="990A60B2-4E22-AEBE-A373-A5B0ED4C8E11" name="T_STU_PRESCRISAO PK">
<createdBy>logonrmlocal</createdBy>
<createdTime>2022-05-04 01:03:10 UTC</createdTime>
<ownerDesignName>modelado05032022</ownerDesignName>
<engineerTo>
<item key="BD52EFD7-AD57-1D29-FBCE-37428351E3D1" value="true"/>
</engineerTo>
<pk>true</pk>
<usedAttributes>
<attributeRef>0F168031-4A1B-58F1-9570-58CDE9523BBA</attributeRef>
</usedAttributes>
</identifier>
</identifiers>
</Entity>