<?xml version = '1.0' encoding = 'UTF-8'?>
<Diagram class="oracle.dbtools.crest.swingui.logical.DPVLogical" name="Logical" id="C93A317F-40C4-8454-609B-BA5EA143DC15">
<createdBy>Gustavo Padlipskas</createdBy>
<modifiedBy>Gustavo Padlipskas</modifiedBy>
<createdTime>2021-03-11 14:57:46 UTC</createdTime>
<autoRoute>false</autoRoute>
<boxInbox>true</boxInbox>
<showLegend>false</showLegend>
<showLabels>false</showLabels>
<showRelAttributes>false</showRelAttributes>
<gridEnabled>false</gridEnabled>
<showGrid>false</showGrid>
<diagramColor>-1</diagramColor>
<display>false</display>
<notation>2</notation>
<objectViews>
<OView class="oracle.dbtools.crest.swingui.logical.TVEntity" oid="11C4F666-7146-09BB-A761-EE3416058B88" otype="Entity" vid="5ACC5C94-FE56-6C68-C3A1-DB2EF3392858">
<hideElementsInCurrentOnly>false</hideElementsInCurrentOnly>
<bounds x="388" y="289" width="304" height="129"/>
</OView>
<OView class="oracle.dbtools.crest.swingui.logical.TVEntity" oid="1A38783D-A6E3-011F-AE94-7991B8C23B12" otype="Entity" vid="B015E11D-502B-1F49-31F9-2CEBEB2E84E8">
<hideElementsInCurrentOnly>false</hideElementsInCurrentOnly>
<bounds x="1162" y="113" width="301" height="150"/>
</OView>
<OView class="oracle.dbtools.crest.swingui.logical.TVEntity" oid="31723517-2989-D028-7B9E-D4C226A4767D" otype="Entity" vid="5783C098-25ED-876C-1649-6E4FA00854D8">
<hideElementsInCurrentOnly>false</hideElementsInCurrentOnly>
<bounds x="831" y="624" width="256" height="284"/>
</OView>
<OView class="oracle.dbtools.crest.swingui.logical.TVEntity" oid="4E669F69-BDAD-1338-53E6-A52CD1549F1D" otype="Entity" vid="178283F1-5BDE-FE75-D454-EF84F2E564CA">
<hideElementsInCurrentOnly>false</hideElementsInCurrentOnly>
<bounds x="23" y="691" width="302" height="219"/>
</OView>
<OView class="oracle.dbtools.crest.swingui.logical.TVEntity" oid="506DDC9A-FC9E-D13D-7FAD-ED571E3AEA46" otype="Entity" vid="17E983DE-37CB-93F1-22B4-D334D77A1EA5">
<hideElementsInCurrentOnly>false</hideElementsInCurrentOnly>
<bounds x="830" y="114" width="254" height="450"/>
</OView>
<OView class="oracle.dbtools.crest.swingui.logical.TVEntity" oid="59D118B8-7019-669A-9873-2AC021E05E28" otype="Entity" vid="E790899E-EAFF-3BAE-6498-A75FE9C8AF85">
<hideElementsInCurrentOnly>false</hideElementsInCurrentOnly>
<bounds x="381" y="687" width="306" height="221"/>
</OView>
<OView class="oracle.dbtools.crest.swingui.logical.TVEntity" oid="5F477709-1835-BF78-2C6F-0805B23D6DDF" otype="Entity" vid="0606F767-2D6E-E170-DC3B-F186FBD84E69">
<hideElementsInCurrentOnly>false</hideElementsInCurrentOnly>
<bounds x="1170" y="754" width="296" height="155"/>
</OView>
<OView class="oracle.dbtools.crest.swingui.logical.TVEntity" oid="62D01CD6-2F78-C150-EDE6-828E39ACBC85" otype="Entity" vid="DC79CE76-FFC9-949C-E922-6D94E493ABC2">
<hideElementsInCurrentOnly>false</hideElementsInCurrentOnly>
<bounds x="1160" y="286" width="301" height="205"/>
</OView>
<OView class="oracle.dbtools.crest.swingui.logical.TVEntity" oid="79FECE95-CF66-DB38-4C06-AF9CA83F1DA9" otype="Entity" vid="E7CB8064-F03F-E79F-57CB-E7C54541A6D8">
<hideElementsInCurrentOnly>false</hideElementsInCurrentOnly>
<bounds x="28" y="450" width="301" height="175"/>
</OView>
<OView class="oracle.dbtools.crest.swingui.TVNote" oid="85D1CBFA-1EB5-3B32-1365-22AA201481E3" otype="Note" vid="26AC02A3-FF41-873E-27CA-AB026F3D9BD7">
<hideElementsInCurrentOnly>false</hideElementsInCurrentOnly>
<bounds x="176" y="17" width="473" height="84"/>
<useCustomFormat>true</useCustomFormat>
<useDefaultColor>false</useDefaultColor>
<backgroundColor>-13210</backgroundColor>
<foregroundColor>-16777216</foregroundColor>
<comment>PROJETO PRONTO SOCORRO
REDE DE HOSPITAL SOMOS TODOS UM!</comment>
<fonts itemClass="oracle.dbtools.crest.model.design.FontObjectWr">
<FontObject>
<foType>Título</foType>
<fontName>Arial Black</fontName>
<fontSize>20</fontSize>
<colorRGB>-16777216</colorRGB>
</FontObject>
<FontObject>
<foType>Title</foType>
<colorRGB>-16777216</colorRGB>
</FontObject>
</fonts>
</OView>
<OView class="oracle.dbtools.crest.swingui.logical.TVEntity" oid="8A769596-8442-81C5-8E8B-9FFE4C17B2D7" otype="Entity" vid="7C2D53D1-D87C-C804-DC36-6A608C41A322">
<hideElementsInCurrentOnly>false</hideElementsInCurrentOnly>
<bounds x="1167" y="507" width="301" height="229"/>
</OView>
<OView class="oracle.dbtools.crest.swingui.logical.TVEntity" oid="C5153E1A-0C36-99E4-0FDF-BD7427056DA5" otype="Entity" vid="215D9DC1-BCE2-F17F-FF5A-85908EA24CEA">
<hideElementsInCurrentOnly>false</hideElementsInCurrentOnly>
<bounds x="391" y="116" width="301" height="147"/>
</OView>
<OView class="oracle.dbtools.crest.swingui.logical.TVEntity" oid="CAE63D5C-FA46-DA05-291D-441B59B3C713" otype="Entity" vid="E9074CFF-D779-ACCC-D341-3C069407EB11">
<hideElementsInCurrentOnly>false</hideElementsInCurrentOnly>
<bounds x="384" y="449" width="307" height="176"/>
</OView>
<OView class="oracle.dbtools.crest.swingui.logical.TVEntity" oid="CDD54745-3930-D1D7-5257-BDB05A5DBC33" otype="Entity" vid="B7DBA72F-428B-E586-56A9-01EB11C9CA56">
<hideElementsInCurrentOnly>false</hideElementsInCurrentOnly>
<bounds x="1520" y="110" width="301" height="127"/>
</OView>
</objectViews>
<connectors>
<Connector class="oracle.dbtools.crest.swingui.logical.TVRelation" oid="20403068-9FFF-7A08-63D5-13C205008336" otype="Relation" vid_source="B7DBA72F-428B-E586-56A9-01EB11C9CA56" vid_target="B015E11D-502B-1F49-31F9-2CEBEB2E84E8">
<hideElementsInCurrentOnly>false</hideElementsInCurrentOnly>
<backgroundColor>-16777216</backgroundColor>
<lineWidth>1</lineWidth>
<points>
<point x="1520" y="175"/>
<point x="1463" y="175"/>
</points>
</Connector>
<Connector class="oracle.dbtools.crest.swingui.logical.TVRelation" oid="33B1FD0C-37C4-29F6-FEE9-93488DD3F096" otype="Relation" vid_source="178283F1-5BDE-FE75-D454-EF84F2E564CA" vid_target="E790899E-EAFF-3BAE-6498-A75FE9C8AF85">
<hideElementsInCurrentOnly>false</hideElementsInCurrentOnly>
<backgroundColor>-16777216</backgroundColor>
<lineWidth>1</lineWidth>
<points>
<point x="325" y="814"/>
<point x="381" y="814"/>
</points>
</Connector>
<Connector class="oracle.dbtools.crest.swingui.logical.TVRelation" oid="3D0808C1-511C-F645-3C01-0FFE93B42EB6" otype="Relation" vid_source="E9074CFF-D779-ACCC-D341-3C069407EB11" vid_target="E790899E-EAFF-3BAE-6498-A75FE9C8AF85">
<hideElementsInCurrentOnly>false</hideElementsInCurrentOnly>
<backgroundColor>-16777216</backgroundColor>
<lineWidth>1</lineWidth>
<points>
<point x="535" y="625"/>
<point x="535" y="687"/>
</points>
</Connector>
<Connector class="oracle.dbtools.crest.swingui.logical.TVRelation" oid="44E5549C-C7C7-BF95-744C-5BB1486C3FD3" otype="Relation" vid_source="E7CB8064-F03F-E79F-57CB-E7C54541A6D8" vid_target="E9074CFF-D779-ACCC-D341-3C069407EB11">
<hideElementsInCurrentOnly>false</hideElementsInCurrentOnly>
<backgroundColor>-16777216</backgroundColor>
<lineWidth>1</lineWidth>
<points>
<point x="329" y="537"/>
<point x="384" y="537"/>
</points>
</Connector>
<Connector class="oracle.dbtools.crest.swingui.logical.TVRelation" oid="4A5CFF10-AE2B-B882-7CFA-1E589D821947" otype="Relation" vid_source="17E983DE-37CB-93F1-22B4-D334D77A1EA5" vid_target="5ACC5C94-FE56-6C68-C3A1-DB2EF3392858">
<hideElementsInCurrentOnly>false</hideElementsInCurrentOnly>
<backgroundColor>-16777216</backgroundColor>
<lineWidth>1</lineWidth>
<points>
<point x="830" y="353"/>
<point x="692" y="353"/>
</points>
</Connector>
<Connector class="oracle.dbtools.crest.swingui.logical.TVRelation" oid="64277932-723C-53E9-4B5B-01730F978667" otype="Relation" vid_source="17E983DE-37CB-93F1-22B4-D334D77A1EA5" vid_target="E9074CFF-D779-ACCC-D341-3C069407EB11">
<hideElementsInCurrentOnly>false</hideElementsInCurrentOnly>
<backgroundColor>-16777216</backgroundColor>
<lineWidth>1</lineWidth>
<points>
<point x="830" y="506"/>
<point x="691" y="506"/>
</points>
</Connector>
<Connector class="oracle.dbtools.crest.swingui.logical.TVRelation" oid="8BCC4E83-DAA8-181A-7DE9-422F9A8742E1" otype="Relation" vid_source="17E983DE-37CB-93F1-22B4-D334D77A1EA5" vid_target="215D9DC1-BCE2-F17F-FF5A-85908EA24CEA">
<hideElementsInCurrentOnly>false</hideElementsInCurrentOnly>
<backgroundColor>-16777216</backgroundColor>
<lineWidth>1</lineWidth>
<points>
<point x="830" y="189"/>
<point x="692" y="189"/>
</points>
</Connector>
<Connector class="oracle.dbtools.crest.swingui.logical.TVRelation" oid="911D582F-E5D9-B53A-08A1-2336487045C2" otype="Relation" vid_source="17E983DE-37CB-93F1-22B4-D334D77A1EA5" vid_target="5783C098-25ED-876C-1649-6E4FA00854D8">
<hideElementsInCurrentOnly>false</hideElementsInCurrentOnly>
<backgroundColor>-16777216</backgroundColor>
<lineWidth>1</lineWidth>
<points>
<point x="957" y="564"/>
<point x="957" y="624"/>
</points>
</Connector>
<Connector class="oracle.dbtools.crest.swingui.logical.TVRelation" oid="A0FB73A1-88E6-4FBA-DFED-E3093E46A5B6" otype="Relation" vid_source="5783C098-25ED-876C-1649-6E4FA00854D8" vid_target="E790899E-EAFF-3BAE-6498-A75FE9C8AF85">
<hideElementsInCurrentOnly>false</hideElementsInCurrentOnly>
<backgroundColor>-16777216</backgroundColor>
<lineWidth>1</lineWidth>
<points>
<point x="831" y="797"/>
<point x="687" y="797"/>
</points>
</Connector>
<Connector class="oracle.dbtools.crest.swingui.logical.TVRelation" oid="A13A1EBB-693F-9AEF-C9E5-3E59D154F9D3" otype="Relation" vid_source="7C2D53D1-D87C-C804-DC36-6A608C41A322" vid_target="5783C098-25ED-876C-1649-6E4FA00854D8">
<hideElementsInCurrentOnly>false</hideElementsInCurrentOnly>
<backgroundColor>-16777216</backgroundColor>
<lineWidth>1</lineWidth>
<points>
<point x="1167" y="680"/>
<point x="1087" y="680"/>
</points>
</Connector>
<Connector class="oracle.dbtools.crest.swingui.logical.TVRelation" oid="B99331BB-0605-C347-7BB9-BF08521D724D" otype="Relation" vid_source="17E983DE-37CB-93F1-22B4-D334D77A1EA5" vid_target="DC79CE76-FFC9-949C-E922-6D94E493ABC2">
<hideElementsInCurrentOnly>false</hideElementsInCurrentOnly>
<backgroundColor>-16777216</backgroundColor>
<lineWidth>1</lineWidth>
<points>
<point x="1084" y="388"/>
<point x="1160" y="388"/>
</points>
</Connector>
<Connector class="oracle.dbtools.crest.swingui.logical.TVRelation" oid="D2E39926-C7CB-40C3-CCFE-0A79C9A7B3BB" otype="Relation" vid_source="0606F767-2D6E-E170-DC3B-F186FBD84E69" vid_target="5783C098-25ED-876C-1649-6E4FA00854D8">
<hideElementsInCurrentOnly>false</hideElementsInCurrentOnly>
<backgroundColor>-16777216</backgroundColor>
<lineWidth>1</lineWidth>
<points>
<point x="1170" y="831"/>
<point x="1087" y="831"/>
</points>
</Connector>
<Connector class="oracle.dbtools.crest.swingui.logical.TVRelation" oid="DE1DF8BF-A74C-3932-5D5D-DC1555633DE6" otype="Relation" vid_source="17E983DE-37CB-93F1-22B4-D334D77A1EA5" vid_target="B015E11D-502B-1F49-31F9-2CEBEB2E84E8">
<hideElementsInCurrentOnly>false</hideElementsInCurrentOnly>
<backgroundColor>-16777216</backgroundColor>
<lineWidth>1</lineWidth>
<points>
<point x="1084" y="188"/>
<point x="1162" y="188"/>
</points>
</Connector>
</connectors>
</Diagram>