<?xml version = '1.0' encoding = 'UTF-8'?>
<Relation class="oracle.dbtools.crest.model.design.logical.Relation" name="FK_STU_FORMA_PAGTO_CONSULTA" directorySegmentName="seg_0" id="33B1FD0C-37C4-29F6-FEE9-93488DD3F096">
<createdBy>Gustavo Padlipskas</createdBy>
<createdTime>2022-04-30 12:12:10 UTC</createdTime>
<ownerDesignName>modelado05032022</ownerDesignName>
<engineerTo>
<item key="BD52EFD7-AD57-1D29-FBCE-37428351E3D1" value="true"/>
</engineerTo>
<sourcePk>55F73CDA-78DE-9172-EC31-1DE605267B8F</sourcePk>
<identifying>false</identifying>
<optionalSource>true</optionalSource>
<optionalTarget>false</optionalTarget>
<sourceCardinality>1</sourceCardinality>
<sourceEntity>4E669F69-BDAD-1338-53E6-A52CD1549F1D</sourceEntity>
<targetCardinalityString>*</targetCardinalityString>
<targetEntity>59D118B8-7019-669A-9873-2AC021E05E28</targetEntity>
<transferable>true</transferable>
<deleteRule>NO ACTION</deleteRule>
</Relation>