<?xml version = '1.0' encoding = 'UTF-8'?>
<Relation class="oracle.dbtools.crest.model.design.logical.Relation" name="Relation_26" directorySegmentName="seg_0" id="55E0EE23-D153-B15D-20DE-F10A5E2A586F">
<createdBy>logonrmlocal</createdBy>
<createdTime>2022-05-04 01:31:44 UTC</createdTime>
<ownerDesignName>modelado05032022</ownerDesignName>
<engineerTo>
<item key="BD52EFD7-AD57-1D29-FBCE-37428351E3D1" value="true"/>
</engineerTo>
<sourcePk>94012AC5-2823-C905-42C8-C02D1BAAFCE4</sourcePk>
<identifying>false</identifying>
<optionalSource>true</optionalSource>
<optionalTarget>false</optionalTarget>
<sourceCardinality>1</sourceCardinality>
<sourceEntity>31723517-2989-D028-7B9E-D4C226A4767D</sourceEntity>
<targetCardinalityString>1</targetCardinalityString>
<targetEntity>7A330C39-AD5D-E012-0CCB-811EC343087E</targetEntity>
<transferable>true</transferable>
<deleteRule>NO ACTION</deleteRule>
</Relation>