<?xml version = '1.0' encoding = 'UTF-8'?>
<Relation class="oracle.dbtools.crest.model.design.logical.Relation" name="FK_STU_MED_PRECRICAO" directorySegmentName="seg_0" id="5F2E670F-FD47-9154-E991-F89787581BCB">
<createdBy>logonrmlocal</createdBy>
<createdTime>2022-05-04 01:23:25 UTC</createdTime>
<ownerDesignName>modelado05032022</ownerDesignName>
<engineerTo>
<item key="BD52EFD7-AD57-1D29-FBCE-37428351E3D1" value="true"/>
</engineerTo>
<sourcePk>F8E6C22C-6FDF-F918-3B80-FF0EE14631FC</sourcePk>
<identifying>false</identifying>
<optionalSource>true</optionalSource>
<optionalTarget>false</optionalTarget>
<sourceCardinality>1</sourceCardinality>
<sourceEntity>057A12F9-07AE-B29F-3975-7CC8C1949FA2</sourceEntity>
<targetCardinalityString>*</targetCardinalityString>
<targetEntity>7A330C39-AD5D-E012-0CCB-811EC343087E</targetEntity>
<transferable>true</transferable>
<deleteRule>NO ACTION</deleteRule>
</Relation>