<?xml version = '1.0' encoding = 'UTF-8'?>
<Relation class="oracle.dbtools.crest.model.design.logical.Relation" name="FK_STU_CONSULTA_FORMA_PAGTO" directorySegmentName="seg_0" id="A0FB73A1-88E6-4FBA-DFED-E3093E46A5B6">
<createdBy>Gustavo Padlipskas</createdBy>
<createdTime>2022-04-30 12:16:51 UTC</createdTime>
<ownerDesignName>modelado05032022</ownerDesignName>
<engineerTo>
<item key="BD52EFD7-AD57-1D29-FBCE-37428351E3D1" value="true"/>
</engineerTo>
<sourcePk>94012AC5-2823-C905-42C8-C02D1BAAFCE4</sourcePk>
<identifying>false</identifying>
<optionalSource>true</optionalSource>
<optionalTarget>false</optionalTarget>
<sourceCardinality>1</sourceCardinality>
<sourceEntity>31723517-2989-D028-7B9E-D4C226A4767D</sourceEntity>
<targetCardinalityString>*</targetCardinalityString>
<targetEntity>59D118B8-7019-669A-9873-2AC021E05E28</targetEntity>
<transferable>true</transferable>
<deleteRule>NO ACTION</deleteRule>
</Relation>