<?xml version = '1.0' encoding = 'UTF-8'?>
<Relation class="oracle.dbtools.crest.model.design.logical.Relation" name="FK_STU_PAC_CONSULTA" directorySegmentName="seg_0" id="911D582F-E5D9-B53A-08A1-2336487045C2">
<createdBy>logonpflocal</createdBy>
<createdTime>2022-04-29 12:58:39 UTC</createdTime>
<ownerDesignName>Projeto_RHSTU</ownerDesignName>
<engineerTo>
<item key="BD52EFD7-AD57-1D29-FBCE-37428351E3D1" value="true"/>
</engineerTo>
<sourcePk>6E644410-7AD5-C7FC-2576-8D927C238CC0</sourcePk>
<identifying>false</identifying>
<optionalSource>true</optionalSource>
<optionalTarget>false</optionalTarget>
<sourceCardinality>1</sourceCardinality>
<sourceEntity>506DDC9A-FC9E-D13D-7FAD-ED571E3AEA46</sourceEntity>
<targetCardinalityString>*</targetCardinalityString>
<targetEntity>31723517-2989-D028-7B9E-D4C226A4767D</targetEntity>
<transferable>true</transferable>
<deleteRule>NO ACTION</deleteRule>
</Relation>