<?xml version = '1.0' encoding = 'UTF-8'?>
<relationalModel class="oracle.dbtools.crest.model.design.relational.RelationalDesign" name="Relational_1" id="4B67D55C-A884-69D2-2DC9-FA00BE1C6EFA" mainViewID="53A05C93-2AD9-68D3-5987-39B805C7E76A">
<createdBy>Gustavo Padlipskas</createdBy>
<createdTime>2020-05-09 01:58:00 UTC</createdTime>
<ownerDesignName>Slide_13</ownerDesignName>
<shouldBeOpen>true</shouldBeOpen>
<selectedRDBMSSite>32076570-2523-435C-2E92-BF29817DFF70</selectedRDBMSSite>
</relationalModel>